0,1,1,1,0,7467,2020,18,1,4,2,7999,166,13,9156,14941,18,5,6,0,8741,22,12,5160,173,13,0,7,1,6086,147,12,8982,147,7,5,8,3,7905,131,10,4355,111,20,1,6,8,5077,16,8,0
1,0,0,0,1,10989,5433,13,9,3,5,10376,156,13,13352,6266,18,11,1,6,10711,37,14,18839,13010,20,9,1,6,9586,144,14,5100,6285,22,0,4,11,7028,120,11,8497,7062,36,2,4,16,6831,11,11,1
0,1,1,1,1,32362,38861,35,18,3,16,17847,58,17,11494,2672,80,5,8,14,9293,35,13,23667,21773,31,5,5,20,12950,174,16,18453,11837,32,9,5,9,14351,207,17,22355,2425,36,8,7,15,12406,149,16,1
1,0,0,0,0,31168,8606,32,10,9,5,14081,212,15,25228,15191,33,8,11,8,13278,47,15,17866,0,19,4,8,12,10143,179,14,5553,925,77,1,8,16,7055,27,12,22586,961,19,5,9,12,9748,142,14,0
0,0,0,0,0,11948,6180,13,1,7,5,9907,202,15,14065,7191,28,2,2,4,9342,30,14,13650,2176,15,4,6,1,8748,161,14,10714,2727,17,5,4,3,11139,220,13,5280,0,58,2,5,6,6125,29,11,0
1,1,1,1,1,25016,18000,26,14,0,0,17032,242,17,5871,34390,22,2,2,7,8672,10,14,24253,331,15,5,5,2,11027,214,16,14778,18823,24,3,3,8,12293,213,15,7331,3383,33,0,4,12,7491,36,13,1
0,0,1,0,1,24372,4606,36,3,4,10,12666,207,17,34780,67905,56,5,4,13,16193,87,18,39193,32034,45,6,3,13,18166,331,18,38794,30856,54,11,4,9,19153,298,18,10151,5921,92,2,2,23,11157,46,16,1
1,1,0,1,0,26185,25688,43,7,5,3,18808,302,18,26260,28345,39,3,4,6,13968,65,18,15953,7036,46,3,5,2,15303,310,18,5332,6056,103,1,6,6,9276,44,14,21173,10175,52,3,7,7,15665,282,16,0
0,0,1,1,1,15976,9559,25,10,4,6,13512,211,15,16407,12523,32,9,2,11,12711,197,14,15009,40642,23,12,5,12,12882,25,15,16886,3369,14,2,4,27,10001,151,15,18832,2219,81,6,2,22,9221,36,13,1
1,1,0,0,0,18045,6759,22,4,6,3,10434,186,14,17107,10964,25,7,11,7,10812,4,13,13104,8059,9,2,9,5,9274,187,13,9937,761,21,1,6,1,8139,156,12,5630,0,40,3,8,8,7131,37,11,0
0,0,0,0,1,16070,5680,36,4,4,8,12454,242,18,15428,38453,29,8,6,8,13385,32,17,21789,5935,32,2,8,15,10929,139,16,7536,689,79,3,6,14,8770,36,14,27654,31845,58,10,3,7,17876,295,18,1
1,1,1,1,0,16071,1124,33,6,3,5,11886,202,16,31112,17794,35,12,6,8,16383,79,17,16273,8056,31,7,9,5,12226,176,15,9266,5096,26,2,4,8,10515,199,14,5204,196,76,0,5,12,7027,34,12,0
0,0,0,1,0,11825,699,8,3,7,4,7767,155,12,5620,9468,23,3,3,6,8061,22,12,13544,176,15,7,4,1,9093,148,13,2666,42,37,1,6,3,4985,31,9,7792,0,9,3,5,3,7976,142,11,0
1,1,1,0,0,8420,4326,19,3,5,5,6732,108,13,5877,3201,26,2,2,5,8572,181,13,10913,10565,23,8,4,11,10089,19,13,17606,18227,15,10,3,5,11700,169,12,4328,3496,36,2,3,9,6418,22,10,1
0,1,0,1,0,6280,12878,20,1,5,3,7186,11,11,1945,903,33,0,3,2,4676,27,9,5940,1354,15,2,3,2,7813,164,11,10486,3941,13,5,6,0,9270,154,12,6574,1336,14,2,4,2,7963,164,12,0
1,0,1,0,0,10544,4131,10,6,3,1,10613,179,14,12536,25573,21,8,2,2,9514,28,14,10177,5278,20,5,3,3,8576,166,13,5820,1586,43,1,1,11,6169,9,12,12735,9287,20,1,1,7,10091,188,12,1
0,1,1,0,0,5293,2149,16,3,3,11,7621,9,11,5809,1811,52,2,1,7,5534,31,10,11034,13294,15,3,3,5,7987,168,12,11963,107,18,5,3,8,7428,101,12,14513,3501,8,8,3,5,9025,135,13,1
1,0,0,1,0,4637,22350,20,3,4,4,7165,12,10,2899,0,20,1,4,5,4469,19,8,8670,6690,10,2,5,3,7195,138,12,8345,3285,16,5,3,4,8760,150,12,7251,6437,20,2,5,1,8058,172,12,0
0,0,0,1,1,31590,13471,34,4,5,21,16902,267,18,47875,50208,31,19,8,15,21348,63,18,38575,10455,49,8,6,22,17985,268,18,6312,1597,100,1,14,28,10507,41,16,40527,9661,44,14,3,14,18781,234,18,1
1,1,1,0,0,22393,2541,29,5,11,13,14008,203,18,31237,12018,38,5,12,21,14637,99,18,23948,3300,23,4,8,9,13235,230,18,59785,29651,52,20,6,8,24334,368,18,10944,4275,128,2,9,25,10480,25,16,0
0,0,1,0,0,16331,7399,13,6,7,6,10726,29,13,11105,2976,19,2,4,4,8343,169,13,14046,4034,44,9,6,1,10755,166,13,9756,1891,48,0,8,11,5922,9,11,15951,5355,17,3,6,5,8777,121,13,0
1,1,0,1,1,22758,3110,11,7,7,7,10282,128,14,24718,34063,18,10,4,8,13405,62,15,16278,6398,12,5,4,11,9827,126,13,5543,712,63,2,3,15,7314,33,12,15799,16396,11,7,2,7,11211,160,13,1
0,1,1,1,0,21252,5327,30,2,2,14,13037,228,18,15090,20936,49,8,8,8,13093,40,15,16303,18974,26,9,2,4,14645,236,16,10546,3821,97,3,8,11,8670,43,13,19061,16874,23,4,2,10,13974,248,16,0
1,0,0,0,1,20499,3693,23,6,5,5,12879,225,17,16527,37300,35,4,4,9,13678,77,16,17151,10181,26,3,6,7,14191,279,17,4534,2518,63,0,4,12,7533,19,14,25159,19593,32,9,7,5,17387,248,16,1
0,0,1,1,0,16366,6752,14,1,6,4,11153,232,15,11522,10373,26,3,7,4,8726,12,12,17923,3491,23,6,8,5,11495,193,14,13237,375,22,4,4,1,8066,136,11,6147,0,79,2,8,6,6053,29,11,0
1,1,0,0,1,12889,5607,26,2,2,14,9207,150,15,15317,28375,30,8,4,14,12367,35,15,31735,10683,20,17,2,11,14616,174,16,13351,10012,28,5,0,14,12403,228,15,5661,1383,43,1,8,19,7255,7,12,1
0,0,1,1,0,11005,4435,10,3,2,5,7079,119,10,11416,8220,5,6,0,1,10063,137,13,4973,971,36,2,4,11,5741,24,9,6574,19407,14,6,2,5,8292,14,10,11647,2052,9,5,2,6,8283,152,12,1
1,1,0,0,0,7300,0,11,1,4,4,5488,112,10,5604,407,9,2,5,1,5880,111,10,11332,1688,16,3,5,5,6689,30,10,4594,0,28,2,3,5,4570,21,8,6815,164,6,2,5,4,5284,78,8,0
0,0,0,0,0,3495,1522,5,0,3,0,4603,113,9,4913,0,3,1,3,0,3919,67,9,4737,0,5,1,5,0,4086,82,8,1032,4439,7,0,2,1,4077,3,8,5438,815,14,1,5,0,4078,13,7,0
1,1,1,1,0,4023,21317,11,4,1,3,7805,33,11,8882,1933,15,7,1,3,8093,130,11,5837,6612,16,3,1,3,7611,108,11,3257,12329,10,2,0,4,6010,92,9,1718,2841,19,2,0,6,4876,16,8,1
0,0,0,0,0,19043,21534,19,4,3,12,12109,173,16,17076,21698,49,8,6,11,11182,21,15,23798,11292,18,15,3,13,14370,164,16,24811,6879,24,11,10,5,13064,156,15,9007,6333,109,2,8,24,8968,39,15,1
1,1,1,1,0,16479,6159,19,3,7,6,12326,213,15,13967,32191,28,7,7,7,11458,36,15,16255,1098,23,6,6,8,10648,151,14,6971,664,55,2,11,16,7793,26,12,23267,7920,18,12,9,9,14137,185,14,0
0,1,0,0,0,32268,27913,27,12,4,10,15584,66,16,8214,1098,58,2,4,18,8249,11,13,19743,6551,24,7,6,6,13559,246,17,19098,7194,35,6,5,12,13973,223,16,9163,2674,28,6,2,12,11424,186,17,1
1,0,1,1,0,14325,40814,42,4,6,9,11829,32,15,15943,13023,40,6,5,9,13783,240,15,5975,4984,65,3,7,11,8474,36,12,19239,4819,31,5,9,1,13767,241,17,14230,6975,35,3,6,8,13345,245,17,0
0,0,0,1,0,11690,2168,18,4,10,3,10379,153,13,7821,36725,26,1,10,1,7514,38,11,11073,3831,15,2,8,1,7665,133,12,5193,0,44,1,3,6,6097,28,10,18565,1846,17,5,6,3,9000,159,12,0
1,1,1,0,1,29416,15294,13,15,3,10,14122,165,15,12285,11983,30,6,2,21,10896,35,14,31223,5468,6,11,4,9,11588,193,15,9258,3566,51,0,2,22,6880,9,13,13175,9249,15,5,2,7,8902,132,13,1
0,1,1,1,0,17894,2310,34,7,7,2,12837,167,15,18669,20964,32,3,6,5,12762,38,15,22060,3785,23,4,5,6,13160,265,17,26174,18410,28,9,10,4,15592,243,15,4994,3030,70,1,10,10,7950,30,12,0
1,0,0,0,1,24231,8446,23,9,6,11,13998,199,17,17164,19723,20,9,8,9,13810,174,15,31393,41902,48,11,3,17,17296,74,18,6634,3516,98,0,5,32,9679,17,15,24249,8409,38,9,2,13,13810,185,17,1
0,1,1,1,0,17206,2311,23,6,8,6,11131,169,15,20732,18675,57,5,7,14,11254,43,16,13391,6639,31,3,5,9,12774,216,16,34388,23432,34,18,9,4,16904,221,14,10185,1049,118,1,5,22,8572,44,14,0
1,0,0,0,1,23595,22038,24,9,7,11,15664,237,18,20809,23630,24,8,4,11,13793,41,17,17716,5969,33,5,6,9,12457,211,17,11381,2721,44,2,9,21,8777,5,15,26414,15607,33,10,7,9,15266,229,16,1
0,0,1,0,0,11511,4731,20,0,7,6,9963,188,16,24377,8338,62,7,5,3,13261,91,16,26065,1867,34,6,6,5,12500,168,15,31876,7703,41,6,3,5,14016,245,15,7181,1161,88,1,8,7,7379,29,13,0
1,1,0,1,1,20759,17846,24,3,3,15,13532,228,17,22171,44667,26,10,2,9,15489,38,18,23141,8807,20,4,8,7,13200,235,17,16172,21282,26,6,3,10,12402,169,15,11193,8548,89,6,4,12,9841,41,15,1
0,0,1,1,0,15318,1545,15,2,7,4,8144,152,13,14269,11426,20,4,8,7,9338,30,13,19996,1037,10,9,7,1,10295,135,13,8149,7735,22,2,3,1,8759,187,12,3757,152,45,1,8,7,6134,25,10,0
1,1,0,0,1,19597,14386,20,11,4,4,11734,136,14,20822,25378,21,12,5,5,12649,26,15,17580,11079,23,7,5,8,11366,199,15,3229,2276,29,0,2,14,6812,46,12,7782,7099,30,3,2,11,8733,78,13,1
0,1,0,1,0,7211,1733,9,2,5,0,8667,201,14,5307,10958,26,4,6,2,9200,34,11,6414,435,17,0,5,4,7098,149,13,6124,540,19,2,6,3,5471,6,8,5139,947,15,0,6,0,7003,127,11,0
1,0,1,0,1,10444,21047,22,11,2,7,11508,11,14,13737,12229,18,7,2,7,11518,171,13,10279,2729,52,3,0,16,8651,16,12,11775,7263,29,4,1,13,11280,183,15,4745,16592,9,3,3,4,10774,192,15,1
0,1,0,0,0,15710,4061,14,2,7,7,9797,204,14,10704,15366,28,6,6,8,10638,37,13,16841,5780,11,5,6,10,10103,133,14,8210,889,53,2,7,10,6633,40,11,15095,5569,29,8,6,8,12173,191,14,0
1,0,1,1,1,13828,4769,36,6,2,11,12358,207,16,16165,40952,19,10,3,8,14192,46,16,14792,8880,21,3,6,7,10277,159,14,24224,13969,21,3,3,9,14003,216,16,10267,1400,84,10,9,7,12869,53,13,1
0,0,1,1,1,21563,9039,13,13,4,7,13557,174,16,9852,40341,16,3,1,18,9623,31,14,25295,9548,18,8,2,9,12000,207,15,7442,3861,38,1,2,14,7113,9,12,11411,12219,20,5,2,7,12094,196,13,1
1,1,0,0,0,11988,1103,14,2,4,8,8125,147,14,10350,3309,26,5,8,3,8931,41,12,12239,947,11,2,8,3,8437,191,13,7168,131,14,1,5,5,8149,173,12,6466,0,23,1,5,5,5266,3,11,0
0,0,1,1,1,34590,19025,22,15,6,8,16663,218,17,18234,16705,22,8,9,11,12879,33,15,17479,12204,20,3,10,9,10063,162,15,12401,9632,15,3,8,15,11980,167,15,13453,1499,102,2,5,21,9489,37,15,0
1,1,0,0,0,30687,54362,35,21,5,6,18455,40,17,21190,13229,36,4,6,15,13258,223,16,5361,1154,89,0,4,22,8494,46,14,13025,1057,20,6,8,7,10267,145,16,23855,8534,26,7,8,16,12782,184,17,1
0,0,1,0,1,9094,7568,26,3,1,3,9595,191,15,9583,34773,26,7,1,8,12666,57,17,15008,10607,17,6,7,6,11691,187,15,27629,20028,40,9,0,5,15011,257,15,6482,2620,55,0,2,17,8028,7,13,1
1,1,0,1,0,10975,5121,26,2,5,5,10894,75,15,7652,0,49,0,6,5,5780,14,12,9230,0,21,3,5,2,8793,177,13,6930,15053,27,2,3,1,10803,249,15,9262,6457,31,4,6,1,11191,226,15,0
0,0,0,0,0,7251,0,15,3,7,6,6346,91,12,6791,26722,20,3,7,3,8604,40,11,11602,2498,13,3,11,4,6242,110,11,14151,2049,9,5,6,6,8741,132,12,4904,117,24,0,6,6,4654,12,9,0
1,1,1,1,1,23206,8713,15,12,5,4,12064,183,15,8009,20351,23,2,4,7,7906,14,12,21140,8134,11,14,0,3,11629,144,14,21491,6154,22,8,2,12,12137,204,14,3331,2730,47,1,4,13,6451,29,11,1
0,0,0,0,0,5293,1826,12,4,7,2,8374,132,13,6524,17698,19,3,8,0,6640,12,10,15843,1443,16,3,6,4,7340,143,13,3818,1588,36,1,4,7,6350,29,11,12203,2235,22,3,1,5,9609,231,13,0
1,1,1,1,1,15161,29762,34,8,2,8,12104,36,14,22783,7810,14,11,4,3,13386,187,15,12716,13022,18,3,3,9,10453,187,14,4037,886,38,1,4,11,6646,21,11,15810,24198,18,3,1,9,9301,177,13,1
0,1,1,1,0,19749,15701,38,4,6,9,14049,97,16,26089,2853,31,7,9,11,14757,230,17,27954,5053,48,6,6,12,14945,268,16,10438,2561,19,3,5,7,12590,211,17,7814,81,88,2,4,14,8709,45,15,0
1,0,0,0,0,17174,54078,47,4,4,15,14400,36,18,11759,1065,95,3,7,18,9824,20,15,26690,25985,17,5,2,11,15686,302,18,19348,21854,45,4,4,12,16548,286,18,27118,6673,39,14,5,8,16629,215,18,1
0,1,1,1,0,14743,2686,12,7,1,6,9681,160,13,10904,25741,29,10,1,2,11009,40,13,7770,5943,13,2,5,11,6556,81,11,12850,15404,14,4,1,5,8835,149,12,10995,2513,48,3,2,10,6239,26,11,1
1,0,0,0,0,13984,811,16,5,7,2,8022,143,12,9576,3429,17,2,5,6,7415,15,12,4961,1130,6,2,4,0,6028,127,11,4904,0,28,0,6,3,4366,33,9,8479,1273,10,1,4,3,6896,149,10,0
0,0,1,0,0,42596,9646,17,19,5,6,18172,204,18,15888,27329,21,4,11,13,12651,55,16,29302,6957,20,3,12,11,14284,253,17,30641,14810,45,8,8,9,18017,270,17,7759,2804,76,2,12,14,9773,31,15,0
1,1,0,1,1,25659,28671,30,7,7,30,16203,60,18,10251,4549,88,8,8,15,12797,52,15,23491,18631,23,8,7,18,16416,232,17,24707,8818,35,6,7,20,14994,185,18,52885,20345,37,19,7,15,20505,234,18,1
0,0,0,0,0,5687,1282,10,0,4,1,4068,74,10,3574,2701,9,1,2,4,4972,6,9,3923,0,6,3,3,1,5706,79,9,3168,0,17,0,2,4,3543,25,7,5024,1987,6,2,1,1,6138,137,11,0
1,1,1,1,0,3117,18350,14,2,1,1,6217,16,10,9124,3801,10,4,2,0,7761,137,12,7408,9857,12,0,0,2,5929,130,11,7351,1665,18,1,1,6,4901,6,9,8682,3437,11,4,2,2,7313,128,9,1
0,1,1,0,0,28011,6093,20,7,10,5,13013,225,16,11375,23866,19,6,8,5,10418,23,14,12679,1784,30,5,5,4,10715,163,15,9564,0,105,3,9,6,8303,37,12,27580,5107,23,3,4,5,14642,305,16,0
1,0,0,1,1,9796,9360,25,2,8,11,10757,157,15,42505,35272,17,20,6,11,17854,92,17,15037,6527,22,4,5,9,9976,137,15,26295,11459,26,7,4,16,13401,211,16,8007,1927,76,3,1,22,9362,54,15,1
0,1,1,0,0,9452,3417,15,0,6,0,5978,111,11,8031,3867,21,4,5,8,8225,17,12,6446,1186,37,0,7,12,5663,22,9,17929,3502,17,6,6,4,11224,178,13,10300,3006,21,7,5,1,9895,162,11,0
1,0,0,1,0,12605,21488,30,6,4,6,9481,30,13,10710,3894,13,7,2,5,8686,136,12,4757,1635,47,0,6,12,5508,25,10,19382,1321,18,8,4,11,9861,118,13,17847,10945,21,8,1,7,11319,169,14,1
0,0,1,1,0,11182,1076,12,2,7,9,7182,113,11,5560,13067,24,2,7,9,7004,17,10,3902,232,18,3,4,8,6323,27,10,8397,3661,20,4,1,3,9164,188,12,12397,0,10,5,7,4,6641,104,10,0
1,1,0,0,0,5747,2108,16,3,4,10,7356,122,13,14432,31020,17,9,2,6,9377,7,13,22568,1434,10,9,4,10,10684,162,13,11791,4936,26,3,2,10,8961,187,12,4259,1516,27,2,4,10,5903,10,10,1
0,1,0,0,0,5512,4949,39,0,3,11,5526,24,9,19456,17919,16,12,2,4,10852,21,13,4702,0,8,0,2,8,6045,123,12,10838,8262,14,5,0,7,9472,167,12,9004,1329,14,2,3,6,7958,149,12,1
1,0,1,1,0,7257,0,14,3,6,1,7021,110,11,5355,1558,13,1,2,3,6396,115,10,6920,10560,17,3,5,1,6890,18,11,11981,8067,10,3,2,4,10755,175,13,3288,807,32,0,4,4,4337,24,8,0
0,1,1,1,0,2457,998,21,1,3,9,4099,16,7,7732,0,5,3,4,2,5517,102,9,7657,2457,11,7,0,3,7861,118,10,7980,13435,12,3,1,10,7675,30,11,13850,3808,7,6,0,5,8199,128,12,1
1,0,0,0,0,3936,0,14,1,2,3,4684,98,10,8532,579,7,1,3,3,5023,101,9,11162,0,3,5,6,1,5847,90,9,3729,815,30,0,4,7,3787,23,8,7992,2675,17,1,5,4,5502,13,10,0
0,0,1,1,0,15167,2355,21,9,4,1,11019,174,14,11145,16680,22,5,1,7,10153,38,14,10407,3018,18,5,3,5,9144,168,13,16860,6200,21,7,1,10,11569,181,13,5601,10238,49,3,3,9,6835,38,11,1
1,1,0,0,0,11531,6897,8,5,6,0,7620,117,13,6070,2561,15,1,6,6,6628,12,10,7445,0,14,2,5,4,8039,166,13,9884,4018,11,2,5,2,7745,182,11,4178,0,40,2,7,2,5481,29,9,0
0,1,0,0,0,15870,12211,15,4,10,2,11068,201,14,8198,11482,23,1,5,3,8295,36,13,6904,1209,65,1,6,4,6331,35,12,19017,0,18,1,4,3,8964,199,14,13886,3137,25,4,3,3,10800,204,13,0
1,0,1,1,1,23083,5386,29,9,2,8,12960,190,16,20722,52152,31,8,1,7,13492,40,16,18109,1906,20,5,3,7,10664,153,15,8935,3169,60,2,3,12,7650,34,12,15991,15517,38,4,3,4,11900,174,14,1
0,1,1,1,1,22103,48636,38,12,3,8,16574,17,17,13466,6325,133,4,5,13,10081,63,15,14088,20955,40,1,3,11,13483,254,17,21771,13391,39,5,2,12,15022,267,17,18836,3895,33,6,5,11,12289,200,16,1
1,0,0,0,0,12694,4572,27,2,5,7,10526,194,16,22430,8363,31,3,3,5,11135,37,16,27827,507,24,6,9,6,12505,220,16,26709,4044,34,6,3,2,14797,308,16,7574,130,89,1,8,5,7098,40,13,0
0,0,1,1,0,23143,3965,21,7,6,10,12874,202,16,23666,14911,32,4,5,10,11500,57,15,17498,1661,16,2,11,7,8032,126,13,16021,1564,14,7,7,2,12076,190,14,7127,3796,71,1,11,6,7001,53,12,0
1,1,0,0,1,16836,10785,22,5,5,3,11471,175,16,19755,40750,27,9,4,11,12999,39,15,34647,1708,21,11,8,7,12449,168,15,29335,11974,13,11,3,15,14718,207,16,14771,5736,70,4,1,26,10002,19,15,1
0,0,1,1,1,15739,41730,19,8,7,11,12170,52,15,36544,11289,25,14,3,6,15532,197,16,21083,5232,20,3,7,11,10450,169,15,9180,2689,60,3,6,20,9193,25,14,20894,19182,27,10,4,12,11131,119,15,1
1,1,0,0,0,16469,4022,2,2,8,3,8387,168,14,19692,3594,19,6,9,9,11861,216,13,18270,2139,24,9,5,7,11653,38,15,6483,370,40,4,9,9,9385,36,12,15825,2911,33,5,7,9,10252,169,14,0
0,0,0,0,0,12475,8662,12,4,4,4,11331,202,14,22856,25751,21,9,5,2,13009,88,16,6975,144,20,3,7,3,8123,117,12,5964,0,14,1,4,1,8110,171,11,4801,4617,43,0,5,5,5524,34,11,0
1,1,1,1,1,7000,1517,53,0,4,15,6434,12,12,12783,28796,33,7,4,5,11680,69,14,16910,5556,11,4,3,10,9566,167,12,23733,14132,13,9,3,6,13443,231,16,19694,4619,17,5,3,10,9457,145,14,1
0,1,1,1,1,7336,19499,7,0,0,4,7129,135,10,5174,6885,6,1,2,0,6015,82,9,5704,17338,6,1,0,6,5768,8,10,9228,3652,16,7,3,3,7988,99,9,3328,2672,29,4,3,6,5851,25,8,1
1,0,0,0,0,3140,537,4,1,1,0,3837,59,8,9193,1366,11,2,5,3,5306,108,8,3756,2079,13,1,2,1,5365,17,10,4639,0,13,3,2,0,5160,88,9,2497,248,11,1,3,2,3421,20,7,0
0,1,1,1,1,17591,19228,17,10,1,11,10764,41,14,23402,17278,27,13,1,12,15552,210,14,7323,1897,38,1,2,18,8026,27,12,15920,3888,23,7,4,10,10799,150,15,9114,4859,18,4,6,9,8849,121,12,1
1,0,0,0,0,7667,1266,14,1,7,2,7433,171,13,12534,12933,21,4,8,4,7774,33,12,21739,3361,13,7,5,2,11462,189,14,7352,0,6,1,8,2,6823,123,11,5293,1958,42,1,7,4,4794,27,10,0
0,1,1,1,1,10547,9630,21,4,3,5,9748,157,14,6850,41618,32,5,3,3,9249,29,13,6441,3904,50,3,3,14,7978,23,12,11115,2167,20,4,3,4,8547,151,14,21230,17116,21,9,3,9,13207,186,13,1
1,0,0,0,0,15079,3462,17,5,3,5,10039,171,13,11866,7716,28,6,4,4,9075,30,12,17763,1727,12,3,4,5,7902,161,13,3762,661,33,1,7,4,4884,13,10,4492,1016,14,0,7,5,6654,137,12,0
0,0,0,0,0,22446,16291,32,13,10,9,14985,12,16,13045,1860,94,3,9,11,8864,37,15,35550,20749,35,8,5,12,19085,351,18,52129,6614,44,12,4,14,18520,294,18,21510,1662,27,0,9,16,10648,176,17,0
1,1,1,1,1,45971,13394,35,12,5,12,19448,251,18,35349,58425,47,12,8,12,17350,31,18,22824,17700,29,7,8,10,16745,265,18,21572,4484,120,5,8,17,11605,74,16,24125,17669,55,1,7,27,15123,255,18,1
0,1,1,1,0,21180,22522,22,6,7,6,13189,190,16,15949,32042,34,4,8,7,12088,29,15,19486,4056,41,8,7,11,13706,219,16,5513,958,67,1,7,16,8076,31,13,26071,9098,30,10,9,11,13369,212,14,0
1,0,0,0,1,21753,23582,21,7,7,13,15474,220,17,14681,13531,17,2,10,15,10582,48,16,38118,16851,30,21,3,8,17583,219,18,28030,14191,15,7,4,14,13399,221,16,5529,118,69,1,5,19,8264,39,14,1
0,0,1,1,0,15785,134,11,3,12,7,8427,116,13,21883,10887,21,6,11,7,11947,34,13,24866,1085,21,10,9,7,11392,154,15,7518,0,53,0,14,14,6771,33,12,28183,6372,14,11,13,5,13675,158,14,0
1,1,0,0,1,40103,4224,16,16,10,9,12865,139,16,29084,26333,15,19,5,14,15989,154,15,19255,18437,28,9,4,18,12448,45,16,23123,27306,46,12,5,8,15045,161,16,8534,4553,37,3,7,18,8827,28,14,1
0,1,1,1,0,6449,2230,23,2,7,7,11005,205,16,16173,32574,32,6,6,8,13361,33,15,25348,4285,26,10,9,5,14472,236,16,5416,520,54,2,4,7,7415,40,13,15468,5264,23,3,2,4,12537,277,15,0
1,0,0,0,1,39119,23872,29,11,4,7,16369,252,18,14075,26171,80,3,5,9,12548,57,16,21903,22125,32,9,8,2,13740,192,17,5293,6236,66,1,4,17,9526,11,15,20743,12151,41,4,2,2,13858,267,16,1
0,1,0,0,0,10838,1977,45,4,3,11,13679,228,18,41906,55308,45,11,8,15,18688,116,18,15849,4453,24,6,6,15,13134,194,17,25132,25729,73,11,5,12,20086,336,18,7669,1748,98,2,6,17,9335,27,16,1
1,0,1,1,1,32006,16272,33,7,5,7,15865,224,17,20098,26359,39,4,10,11,13687,78,17,18609,7562,34,11,9,5,15916,217,16,29208,18448,58,5,5,12,16306,240,16,10136,3395,71,1,5,14,9386,11,14,0
0,0,0,0,0,2624,83,7,0,3,1,4359,97,7,2945,462,11,0,3,0,4432,102,10,1947,0,8,1,0,0,4628,16,9,2807,389,15,0,2,0,4085,91,9,3340,0,6,0,6,1,2930,18,7,0
1,1,1,0,1,4902,5988,11,2,0,2,7594,150,11,3783,5237,15,5,1,4,6582,11,10,2129,853,16,1,0,2,5605,120,10,4134,1711,17,1,0,11,5211,22,9,8752,5393,12,5,0,3,7870,147,10,1
0,1,1,1,1,48710,18214,26,14,10,14,20685,251,18,22478,52620,59,6,9,26,18112,71,18,66310,49040,89,16,7,17,24676,314,18,14855,6040,143,3,11,31,13336,55,18,71274,29819,51,13,8,18,20966,236,18,1
1,0,0,0,0,23223,1294,25,0,13,19,12922,179,18,46798,27852,67,14,11,17,21544,116,18,56823,16705,47,7,10,19,20170,326,18,63634,19416,48,19,6,16,23685,243,18,12183,3156,151,5,12,26,13735,51,17,0
0,0,1,1,0,27894,6189,12,7,5,7,11985,217,15,15195,35228,26,9,5,9,10816,6,14,25085,4838,22,12,2,9,14086,189,15,16531,7877,20,4,5,15,10301,170,13,7754,2121,54,1,7,18,6824,15,12,1
1,1,0,0,0,19020,4035,14,4,6,5,9480,167,15,18817,10036,28,15,8,3,11204,34,12,18781,4627,21,3,4,8,9547,174,13,4014,1424,49,1,6,15,6461,12,11,11145,1105,24,1,9,9,7278,129,11,0
0,0,1,1,0,23092,8953,26,9,2,7,14924,235,17,15739,9944,33,2,8,14,10044,25,14,14204,1075,22,7,6,6,10920,149,14,7459,2098,25,2,9,6,10554,206,13,8161,721,58,4,9,4,6967,30,12,0
1,1,0,0,1,13465,7487,25,3,5,6,10766,212,16,21164,13169,25,9,7,10,11999,36,15,26485,8566,38,9,4,17,14298,212,16,7232,3501,59,0,5,21,8112,32,13,18123,21289,37,13,3,7,15895,223,15,1
0,1,1,1,1,17279,0,27,5,7,5,9456,126,14,21404,34614,35,7,4,13,14915,36,17,28992,10921,25,11,8,9,13638,145,15,26536,23278,20,17,5,12,17406,228,16,8224,3294,49,1,10,26,8841,24,15,1
1,0,0,0,0,16384,2748,24,6,9,5,9600,137,14,29866,13424,19,9,7,14,13402,20,16,25036,5159,20,8,5,11,14326,213,15,10028,3666,16,8,7,8,12268,115,14,10195,961,56,2,13,18,8323,39,13,0
0,1,1,1,1,16306,27102,25,10,2,15,11202,32,14,19192,17218,18,12,3,5,12416,168,14,5413,948,55,0,4,23,7122,26,12,14416,19947,10,6,2,12,11118,142,14,15217,9518,19,8,3,8,10756,147,14,1
1,0,0,0,0,9345,102,3,1,9,1,6448,127,12,3763,4709,26,2,9,2,7060,25,12,15567,762,7,6,8,2,10334,151,13,12365,2355,13,4,5,0,9267,185,11,6237,1078,24,0,5,6,5145,2,11,0
0,1,1,0,1,5485,4049,6,3,5,7,8421,118,13,13709,22073,23,11,2,5,13231,79,16,23106,2533,10,8,6,8,11791,155,15,17644,27375,27,12,2,6,14189,197,13,8809,7844,51,2,3,13,7903,25,11,1
1,0,0,1,0,21114,1424,14,9,8,0,10729,181,14,18915,15914,35,7,3,8,11411,43,13,10625,945,10,1,8,8,7061,119,12,10190,2369,13,1,7,3,7054,117,11,4871,0,29,0,10,11,4988,17,10,0
0,1,0,1,1,19207,29172,20,10,2,12,11888,33,14,19398,14661,21,9,3,11,11827,156,13,4548,2146,60,1,2,19,7689,33,12,5653,6029,13,0,4,6,6685,103,12,18977,6778,15,9,4,7,11604,187,14,1
1,0,1,0,0,9782,10573,15,5,5,1,10072,145,13,6373,2436,14,4,7,1,8440,13,11,11438,1026,15,1,7,4,7479,142,13,4120,215,35,0,6,4,5113,30,10,11069,4544,16,5,4,1,8724,158,11,0
0,1,0,0,0,6335,1867,19,2,5,4,11331,243,16,14866,23500,27,10,7,2,12700,42,15,11304,119,25,1,5,8,10808,212,16,16251,7596,21,5,8,7,12475,229,14,6848,2592,53,1,6,13,7779,44,13,0
1,0,1,1,1,27027,12127,16,14,5,3,14376,183,16,20404,17607,29,6,4,12,13790,193,15,13826,1564,38,1,6,18,8480,39,13,17883,16486,36,7,1,5,12485,164,16,9065,20053,20,3,3,13,10632,15,15,1
0,0,1,1,0,24316,6538,21,7,7,7,10696,175,15,27240,28275,43,13,3,15,13256,27,15,27662,7889,18,14,6,7,13754,194,16,13382,15406,16,4,1,9,10991,162,14,7266,2111,61,0,0,15,7264,28,13,1
1,1,0,0,0,19787,608,12,5,8,2,10977,214,15,11204,5853,27,2,9,10,9046,13,14,16106,117,31,8,3,2,11797,197,15,13620,4009,10,0,8,6,7720,167,13,13402,0,83,2,10,9,7486,39,11,0
0,1,0,1,1,25561,29333,75,10,5,8,14599,40,17,24068,2153,35,2,8,5,12471,227,17,12112,4167,101,3,5,12,10202,22,15,37443,17664,76,7,6,9,20366,352,18,27049,4430,27,7,6,5,14157,235,17,0
1,0,1,0,0,16157,11097,24,2,5,11,15381,285,18,19969,37454,52,5,5,10,15090,60,18,41328,17619,25,19,8,1,21049,281,18,16212,11550,39,3,7,11,16084,285,18,7509,2076,83,0,5,12,8698,36,15,1
0,0,1,1,1,21854,8449,27,7,7,11,14258,172,17,34878,38192,28,12,7,11,16364,45,17,23484,5980,39,4,7,15,13631,223,17,43058,36403,39,12,2,15,17455,233,17,4096,2872,70,0,5,26,9405,35,16,1
1,1,0,0,0,36143,13321,33,10,8,7,15247,237,17,9234,17897,46,3,7,13,11646,43,16,15706,8293,33,6,7,11,14296,220,16,5737,3408,80,0,7,15,7827,28,15,41628,10847,28,9,6,11,16087,250,16,0
0,0,0,0,0,4023,7877,23,1,2,1,6982,18,12,5987,570,39,1,3,0,5367,8,10,5808,2611,16,1,2,1,8410,202,11,6048,530,12,1,2,0,7290,180,13,5480,0,14,0,4,1,6786,171,12,0
1,1,1,1,1,7970,5977,26,3,1,2,9280,194,14,5801,40189,27,5,1,1,9614,22,13,9641,3249,24,1,1,4,9744,209,14,6094,2115,34,3,1,4,6054,9,10,6295,7513,16,1,0,5,8185,173,12,1
0,0,0,0,0,6593,2655,4,2,4,1,5047,84,8,5786,365,26,1,2,2,3797,12,8,3552,6452,12,1,1,4,4730,6,8,4030,1526,5,2,5,0,5087,100,10,3174,1867,3,0,4,2,4118,86,10,0
1,1,1,1,0,6595,978,28,2,1,6,4771,10,8,5809,12595,27,3,2,6,7068,24,11,3277,3678,8,1,1,6,6193,108,9,7202,6593,6,4,1,2,8310,125,11,6719,1593,12,6,1,3,6968,113,11,1
0,1,0,0,0,14646,4757,17,10,4,3,9100,132,12,8903,2658,41,7,3,16,7155,35,10,16025,2206,10,5,3,18,9058,131,12,6827,4998,10,2,1,2,6172,124,11,10885,14106,14,8,0,15,8617,13,12,1
1,0,1,1,0,11657,11406,13,6,5,1,7917,14,10,9711,567,9,0,5,6,5460,109,11,11834,960,13,0,4,3,5898,121,11,8488,0,12,2,8,3,5793,84,9,5909,0,33,3,10,2,5003,20,9,0
0,1,1,1,1,9645,4425,16,1,3,26,7801,81,13,22411,40961,30,16,4,6,13999,36,15,25415,7250,17,15,2,9,13822,173,15,25038,13668,16,11,8,18,12851,143,13,7211,3408,50,4,7,21,8605,33,13,1
1,0,0,0,0,14206,736,11,6,12,6,9195,115,12,14292,9001,30,6,9,5,10741,152,13,15282,6338,19,4,7,8,9270,19,12,13713,3859,14,5,7,8,9200,118,12,12146,472,41,3,12,11,6359,26,10,0
0,0,0,0,0,7706,0,8,1,6,5,4628,83,9,6465,2762,9,4,4,3,7139,18,10,7136,541,8,2,4,1,5475,118,10,8935,0,4,0,5,0,4219,83,10,3861,0,19,1,3,3,3813,31,8,0
1,1,1,0,0,4393,1544,11,1,0,8,4623,0,9,7330,4539,11,6,2,3,7941,127,10,6867,8672,13,8,1,3,6973,8,10,8878,474,12,3,5,2,5852,101,11,11389,2454,6,4,0,2,6569,104,12,1
0,1,0,1,0,14721,15004,15,6,7,1,8085,37,11,8557,662,15,2,5,1,6286,122,12,5370,1169,17,0,4,1,6392,152,12,8638,3793,13,2,4,4,6728,135,10,4107,160,25,0,5,6,4606,31,10,0
1,0,1,0,0,7945,0,12,2,5,4,6497,123,12,6723,22525,26,4,0,10,8566,26,13,10038,8244,14,10,0,2,11211,171,14,10684,1987,51,4,4,9,6536,36,10,15034,4884,14,5,1,10,11354,200,13,1
0,0,0,1,0,5713,363,9,2,3,1,5716,119,10,3835,1269,3,0,4,0,3969,75,7,3075,3470,6,0,5,5,3560,19,7,4991,627,4,1,3,1,4707,100,10,3050,5529,8,2,4,2,4752,11,8,0
1,1,1,0,0,4945,927,7,2,3,4,5400,94,10,7403,3777,13,7,0,3,7996,114,9,3093,3071,21,2,0,11,5158,6,9,5387,4452,14,4,0,5,7282,154,11,7127,10275,7,4,2,5,6163,19,10,1
0,0,0,0,0,6671,1397,6,1,1,0,6330,147,11,4451,5072,14,2,1,2,5530,15,10,2721,2033,6,0,5,2,4877,97,10,6075,498,6,3,4,1,6011,112,9,1922,2726,32,0,3,2,3466,31,8,0
1,1,1,1,0,3780,1743,28,1,1,5,4425,13,8,5611,1791,11,3,1,0,6003,103,11,6742,2901,16,3,1,3,6747,142,12,7466,11969,6,5,2,6,6288,15,9,6712,2577,7,2,1,5,6803,125,10,1
0,0,0,1,1,17004,7151,27,5,8,15,11789,183,15,9619,34798,45,1,4,22,10262,37,16,45870,9774,19,22,2,5,18557,198,17,23339,19041,27,6,4,17,12999,225,16,5621,1265,104,1,7,14,7427,30,14,1
1,1,1,0,0,16601,8129,32,5,7,9,11615,142,15,26337,17830,33,12,8,9,13890,45,15,17939,4694,16,4,6,9,10925,169,15,7944,1302,48,0,8,20,7493,29,13,22690,13524,32,4,6,16,12737,232,14,0
0,0,1,0,1,13040,1798,20,3,0,10,10978,200,16,20575,35091,35,11,4,8,13195,22,16,17786,26024,24,5,5,6,11720,224,16,18215,5502,20,6,4,12,12629,225,15,7179,1246,69,2,5,7,9584,31,11,1
1,1,0,1,0,9362,163,15,0,5,2,8090,193,14,13290,20035,40,4,3,3,10352,47,14,15489,352,24,8,7,0,11547,204,15,3938,345,53,1,5,6,6205,15,11,16688,1659,11,5,7,3,10659,219,13,0
0,1,1,1,0,6174,1255,14,3,2,5,6626,117,12,6243,7868,9,4,0,5,7580,138,9,1618,1843,17,1,0,8,5219,22,9,7203,2523,10,4,2,1,6775,116,11,5515,16260,12,5,1,4,7313,24,11,1
1,0,0,0,0,3850,3079,6,0,3,3,4940,7,10,6226,1656,11,2,3,2,5977,134,11,2067,446,12,0,4,2,3078,7,8,5772,2010,7,1,4,1,5004,118,10,4596,624,5,2,3,0,5754,121,8,0
0,0,1,0,1,16029,19477,71,7,3,9,13725,46,17,15787,6995,27,3,4,7,14650,274,18,9925,8719,30,3,4,2,12020,200,16,7128,7060,111,0,4,12,9265,38,15,31637,26988,26,10,3,4,19554,312,18,1
1,1,0,1,0,18621,12572,30,5,5,6,14976,274,17,23428,5968,26,5,3,4,14503,282,18,6749,8430,34,0,8,5,12474,252,16,2887,2413,98,2,4,6,8767,43,14,11944,47162,35,5,4,5,16644,62,18,0
0,1,1,1,0,7310,3229,24,4,1,7,5932,37,9,7828,2631,16,5,0,4,7057,120,11,6816,0,8,1,3,2,4818,93,10,6789,11775,14,4,1,7,6847,8,11,3787,11890,8,2,1,4,8332,140,10,1
1,0,0,0,0,2683,0,14,2,3,1,4718,25,7,4067,0,4,0,3,1,4600,100,8,6406,3618,5,1,4,0,5784,132,11,6497,1361,7,3,2,0,6061,112,11,3923,806,17,0,4,3,5208,5,9,0
0,0,0,0,0,17974,20660,29,2,6,13,10459,43,15,19211,1661,24,3,9,1,9880,211,14,21206,1198,28,8,10,4,11728,157,15,6108,803,61,1,6,11,7430,32,12,23940,6743,41,11,9,4,13751,193,13,0
1,1,1,1,1,33932,10900,24,10,5,15,15094,175,17,27724,67519,42,17,6,6,17692,76,18,15960,3977,35,8,3,10,12302,174,16,7464,5421,65,1,6,29,9449,21,15,15028,8498,22,4,5,17,10320,122,15,1
0,1,1,0,1,18413,10030,11,9,3,2,11578,191,16,10726,17433,38,7,5,7,10799,11,14,10682,3826,19,6,3,2,10564,182,15,7965,8737,71,2,1,19,8095,23,12,24141,13651,16,13,2,11,13299,178,14,1
1,0,0,1,0,16271,188,16,3,9,3,7960,128,13,13209,26044,19,8,7,2,11078,18,13,16314,5295,29,2,5,3,8292,185,14,3708,211,33,1,7,3,5269,38,10,4789,1286,16,0,9,1,6013,127,11,0
0,1,1,1,0,27294,10267,35,8,6,16,15647,252,18,19744,37828,39,1,5,25,13219,34,17,18763,5573,40,7,9,5,13312,176,16,13507,3354,106,4,6,12,10577,54,15,43782,14619,42,10,6,14,18493,260,17,0
1,0,0,0,1,28093,5948,42,8,7,13,16688,259,18,24896,26979,47,7,7,15,17000,35,18,37515,17195,53,10,5,13,16427,243,18,38921,24983,63,5,5,15,19069,325,18,23403,5422,70,2,6,18,10409,51,16,1
0,1,1,1,0,11291,2899,15,11,0,4,8939,113,12,8782,915,8,5,2,4,6854,113,10,2043,1145,36,1,2,6,4246,29,9,5915,0,7,0,3,6,5476,128,11,5830,21217,9,3,2,11,7043,8,10,1
1,0,0,0,0,3494,3132,13,2,4,2,5439,5,9,3509,161,24,0,4,5,3728,25,8,5244,482,6,4,4,1,5951,116,8,5726,89,9,2,5,2,5796,109,9,3856,0,11,1,3,3,5509,119,11,0
0,1,0,0,1,14184,7618,22,5,3,13,10900,157,15,29801,14578,38,12,3,10,13465,36,16,9523,4162,16,1,6,5,9935,182,15,8666,1994,90,2,7,16,8020,38,12,26225,39983,32,12,3,10,18213,217,15,1
1,0,1,1,0,16227,2044,26,4,6,4,10246,178,14,6787,14016,29,0,7,12,8080,28,12,13752,3809,31,7,3,2,10692,198,14,7552,2592,55,0,9,16,7093,17,13,23224,10354,19,11,7,5,13105,182,13,0
0,1,1,1,0,25589,8418,28,6,8,11,13671,194,16,32975,26680,38,15,6,11,16181,44,17,31427,6711,13,6,9,13,13834,250,18,32285,7584,47,6,12,8,13051,169,15,7665,859,74,2,8,19,8673,36,14,0
1,0,0,0,1,23353,13786,20,6,11,6,13899,195,17,34722,17988,28,12,4,23,14639,33,17,29809,6554,51,8,6,16,13754,193,17,13896,5918,72,6,6,27,11965,34,15,36996,15798,53,11,8,20,16035,230,17,1
0,1,1,0,1,13004,12365,29,2,3,8,11195,218,17,8873,31364,35,1,2,17,9510,14,15,25061,9225,48,19,1,4,17870,202,17,21392,28403,20,7,4,9,15360,259,16,9072,4131,72,2,5,20,9086,16,14,1
1,0,0,1,0,11818,1741,27,2,7,2,9168,188,15,8497,18763,31,5,6,5,10667,30,14,7588,762,21,3,6,1,11383,216,16,8393,507,41,0,6,10,6289,3,12,13004,3186,24,3,6,4,11675,257,13,0
0,0,0,0,1,32753,10928,18,5,11,10,12890,178,16,38567,31063,38,12,6,12,19281,115,18,20066,17901,21,9,7,4,15608,263,17,23001,2299,67,6,2,25,11397,7,17,20535,24462,37,6,6,11,14053,186,16,1
1,1,1,1,0,25518,36240,40,3,7,12,14428,49,18,20363,4336,39,6,10,12,13615,159,16,18806,7462,105,9,4,13,13240,57,16,38019,11082,31,8,8,8,14911,249,18,27808,2663,23,6,9,8,13161,220,17,0
0,0,0,0,0,3209,0,3,1,5,0,3785,61,7,6580,0,13,1,4,2,5046,98,10,2652,1371,9,1,2,2,4680,3,8,3468,0,12,1,5,2,3627,11,6,4034,0,4,1,3,0,3902,68,8,0
1,1,1,1,1,8143,13158,3,6,1,4,9904,147,11,8537,2617,8,4,1,2,6524,96,11,3056,13977,21,4,0,2,7772,23,11,7938,2841,20,4,1,8,6595,6,9,3749,11715,10,1,2,1,6272,103,10,1
0,1,1,1,1,12813,38813,32,3,5,3,11991,28,16,5029,1021,76,2,4,10,8204,34,12,16568,15952,31,10,3,7,14888,225,15,10848,13188,36,2,1,8,14200,243,17,13860,6088,33,3,0,7,11882,229,17,1
1,0,0,0,0,20306,14534,52,6,3,3,12040,67,15,15437,8275,16,1,3,8,10492,198,13,4623,2316,44,2,6,9,7417,32,12,7692,2168,22,0,5,4,9310,196,15,18146,6870,19,4,4,6,13172,275,16,0
0,1,1,1,1,7895,5187,21,0,4,10,9029,149,16,26583,50835,29,13,3,11,16820,60,17,20862,6482,34,6,5,19,13276,155,16,22590,20264,25,6,2,15,13459,188,15,26718,4678,114,16,5,9,13841,66,15,1
1,0,0,0,0,14396,2195,22,1,9,5,8130,165,14,14280,5232,21,5,8,6,10990,42,14,20110,288,17,4,9,6,11363,206,15,6414,573,60,3,10,5,7143,45,13,30249,2104,32,6,5,7,13145,234,15,0
0,0,0,0,0,10486,2767,31,4,2,4,8134,24,13,5867,4910,9,2,0,5,7461,139,11,2783,621,38,0,2,4,4172,11,9,9345,1045,12,1,6,1,6711,159,12,10745,2717,12,2,3,5,7169,150,12,0
1,1,1,1,0,6481,2476,11,4,1,2,8281,149,13,12352,39237,22,6,0,3,10130,41,14,4205,4307,13,1,3,1,6548,152,12,14571,3829,23,2,1,8,8237,149,11,3726,794,34,0,4,3,4918,30,9,1
0,0,0,1,0,13499,2760,13,2,6,2,9394,188,14,12607,22849,32,6,6,1,12264,40,15,10700,776,13,0,1,3,9136,207,14,8559,0,12,3,7,1,8982,177,13,5907,0,48,1,6,5,6008,16,10,0
1,1,1,0,1,15927,31547,23,8,2,11,12128,23,15,8288,1194,71,2,2,16,8098,9,13,20190,16262,23,6,3,9,15699,267,16,19650,13803,28,4,5,7,11105,198,15,12969,19085,23,6,0,3,12717,208,16,1
0,0,1,1,1,23682,7916,28,8,6,13,13365,201,17,19521,29777,33,13,3,17,14125,24,16,25010,9491,26,10,6,11,14539,198,16,4579,3601,84,0,8,12,7269,33,13,24122,24395,36,7,2,13,15485,254,16,1
1,1,0,0,0,18680,1518,18,2,10,5,9875,179,14,30163,21503,31,12,10,8,14519,37,14,11084,4486,24,2,7,14,8957,138,14,9234,2020,67,4,4,14,8222,32,12,20173,6648,26,5,7,9,12087,215,14,0
0,1,1,1,1,23037,7727,25,4,3,5,12889,231,17,29639,24523,42,7,4,11,15312,25,18,23254,17658,53,5,5,6,13547,246,17,17357,6355,101,3,4,14,11396,48,15,22557,11960,46,4,5,8,15287,265,16,0
1,0,0,0,0,14002,16338,43,7,4,1,17005,324,18,11544,19757,39,2,9,9,11725,48,15,13697,16405,42,1,5,5,13380,268,17,38872,24581,22,8,3,9,16499,245,17,4586,5248,71,3,2,14,9853,40,16,1
0,0,1,0,1,15357,12756,17,7,3,8,12285,197,16,13374,20735,36,5,4,9,11213,35,15,21354,6416,7,7,8,7,11037,172,15,6486,1796,54,2,2,15,7655,30,14,26150,15680,27,8,3,9,15235,255,16,1
1,1,0,1,0,15584,88,12,3,10,7,8474,127,14,16087,23985,25,8,6,9,11001,34,14,18452,344,18,5,8,5,9208,173,13,12807,11168,33,2,2,8,9932,223,14,7954,3999,42,2,3,9,6499,12,12,0
0,1,1,1,1,16553,5933,20,4,5,5,10352,161,14,22261,40802,37,11,1,8,14916,54,16,18422,4348,23,7,1,6,13097,245,15,18061,5848,21,4,5,18,11121,153,14,7237,1778,59,2,5,18,7559,33,12,1
1,0,0,0,0,8549,562,19,1,4,4,7686,152,14,11396,5438,44,7,6,2,9729,26,12,9886,130,51,2,7,8,7076,49,11,9894,323,26,3,6,5,9551,177,12,13521,7102,20,4,5,6,11458,185,15,0
0,0,1,1,1,13358,6746,16,3,6,11,9407,156,14,29563,30306,20,17,1,7,14500,69,16,18599,17973,21,10,4,5,12159,162,14,6890,834,45,2,2,19,7629,22,13,10294,8075,25,4,3,10,10396,156,13,1
1,1,0,0,0,13147,2010,19,1,5,4,8357,175,13,7759,10124,23,2,8,4,7095,25,11,14023,532,10,3,11,1,7867,145,12,17223,9291,22,8,5,2,11031,167,13,5873,1101,39,2,7,7,6017,24,11,0
0,1,1,1,0,1828,1832,25,1,1,4,4468,24,8,6747,3234,8,3,1,1,6903,149,10,4711,2769,21,0,0,3,6036,118,11,6624,32761,12,5,1,3,8327,24,12,4554,974,9,1,1,1,5758,124,11,1
1,0,0,0,0,5531,963,9,1,2,1,5885,132,11,2294,926,28,1,1,2,4570,23,8,4119,462,12,0,3,0,5463,147,11,1859,5583,15,0,2,1,5678,23,11,4834,3667,12,2,2,0,6259,156,10,0
0,1,1,1,1,36139,26631,27,13,1,7,20117,325,18,35175,52635,40,14,6,7,16483,53,16,9365,10387,39,1,3,28,10647,106,16,22054,3591,144,2,8,22,11559,82,16,24688,17711,48,6,7,22,12509,85,16,1
1,0,0,0,0,22242,1777,17,6,11,7,11788,174,16,18052,14804,38,5,6,7,14530,81,17,28049,1418,33,5,6,12,13398,230,17,8901,3331,90,3,8,15,9970,37,14,41095,7265,47,6,6,13,17375,295,18,0
0,1,1,1,1,12411,16508,10,1,4,7,11804,178,13,11797,28765,20,5,3,10,10756,28,14,14829,8402,15,5,4,7,8668,119,13,7640,9053,57,9,2,4,10876,29,11,15180,11408,10,6,2,7,10639,146,13,1
1,0,0,0,0,9970,5172,19,2,3,4,7585,145,13,12382,7213,19,9,6,3,10665,38,13,9304,0,12,2,7,5,7600,157,12,10774,0,9,1,5,4,7183,133,10,5832,0,35,1,5,6,5521,41,11,0
0,1,1,1,0,10980,6825,7,3,3,1,10577,222,15,18221,21147,34,6,7,4,11993,32,14,14019,8920,33,3,7,5,10681,181,14,5472,323,57,2,7,8,6746,28,11,13552,1889,27,1,8,8,9289,176,13,0
1,0,0,0,1,17430,15018,21,7,0,5,14093,259,17,18138,21228,22,10,5,6,12219,28,15,20762,9480,24,13,1,7,12972,175,16,5098,1482,56,0,5,14,7766,33,13,15885,18487,27,2,4,15,14027,209,15,1
0,0,0,0,0,8225,16154,21,0,5,2,7988,176,14,12203,11054,18,8,7,1,10524,27,13,14046,4494,14,6,5,7,11234,209,15,10406,3706,21,2,2,3,10508,208,13,14427,0,68,3,6,9,6807,34,10,0
1,1,1,1,0,17501,10300,26,4,5,6,12208,203,15,10530,24540,30,5,4,7,9906,30,14,22031,6099,15,15,2,3,14527,171,16,5780,7209,40,1,2,8,6693,36,12,6612,7226,15,0,6,6,8932,179,13,1
0,0,0,0,0,4413,0,10,4,6,3,4568,20,8,3569,620,10,3,2,0,4340,4,7,4419,0,6,3,5,3,5231,49,8,4629,142,2,2,6,2,4287,53,7,5730,0,11,2,6,0,4617,73,9,0
1,1,1,1,1,6500,15545,9,5,1,8,7024,28,10,9668,714,4,6,1,5,7163,119,11,7359,1739,10,6,3,6,7157,99,9,7008,6715,3,3,4,5,6582,87,9,6868,1174,21,5,5,9,5398,17,7,1
0,0,0,0,0,7329,1894,13,2,4,1,6102,138,10,8727,307,3,1,3,4,5976,113,9,2113,10643,9,1,3,1,4310,0,7,2520,0,28,0,4,1,3114,20,7,2916,122,6,1,4,0,4378,93,9,0
1,1,1,0,0,9594,6907,11,8,0,1,9124,133,12,7120,2788,5,3,1,5,6556,116,9,4594,604,16,3,3,4,4395,3,8,4125,2134,35,4,0,4,7157,15,11,4295,3296,14,0,1,6,6140,117,11,1
0,1,1,0,0,9939,577,19,2,2,4,8117,169,13,5726,10295,27,4,6,5,7914,25,11,9180,5850,24,3,3,4,10078,203,13,10269,6634,17,3,6,5,8405,150,13,5363,488,41,1,5,8,5370,16,10,0
1,0,0,1,0,4990,4294,15,0,4,3,8273,193,14,5962,29551,16,2,4,7,8282,5,12,19898,7790,21,9,1,5,11097,195,15,21507,8396,17,10,2,5,11382,181,14,4141,1624,36,1,2,15,6816,16,12,1
0,1,1,0,1,19121,16348,28,5,5,5,11663,171,16,29130,13385,33,10,7,9,12419,32,15,22978,7918,32,10,2,4,13059,178,16,9711,2012,72,2,6,13,8174,16,14,23364,8739,21,7,4,8,13112,227,15,1
1,0,0,0,0,26114,2661,21,4,6,8,11406,178,15,19268,5906,27,6,9,3,11645,39,14,18685,1855,12,8,8,5,13017,123,15,12712,250,82,2,6,8,7264,41,12,18218,1238,29,4,5,5,12437,234,16,0
0,0,1,0,0,9628,154,17,1,2,8,6558,112,12,11464,23338,20,6,4,5,8198,18,11,15140,1233,10,5,3,3,8209,139,13,7658,4158,17,4,8,3,8038,135,11,4980,244,40,1,6,7,4946,33,10,0
1,1,0,0,0,15219,9133,17,5,2,8,9455,138,13,7067,20470,21,3,5,10,8029,15,12,8383,2044,71,2,4,11,6516,36,11,17331,2343,10,4,5,9,8275,145,13,14192,8172,25,9,1,9,11990,176,13,1
0,1,1,1,1,14188,13783,30,3,2,8,12105,199,16,31413,25198,21,14,6,12,13849,19,16,13200,26901,21,8,3,7,14693,214,15,4960,3129,64,2,4,14,8045,32,13,13213,7276,34,6,3,11,12633,207,16,1
1,0,0,0,0,11937,1711,19,2,7,6,10119,184,14,11993,7442,31,5,8,7,10181,41,13,16062,6197,27,7,6,1,12869,257,17,9087,2107,27,3,5,3,10468,224,13,6198,158,67,1,7,9,6757,39,12,0
0,1,0,1,0,10171,1378,20,4,6,11,9867,125,14,18509,21084,21,5,6,6,11742,45,15,13339,517,23,4,11,6,10266,190,13,4952,1527,69,2,6,9,7983,54,12,23624,15178,26,11,5,3,15626,230,18,0
1,0,1,0,1,11386,23247,43,2,5,9,11923,55,16,7441,2335,72,3,7,18,9417,35,13,32558,21012,21,11,4,15,16042,225,16,27414,31698,18,10,5,4,14271,196,16,25965,4990,13,8,5,9,14011,234,16,1
0,1,0,1,0,15547,5680,13,11,1,2,12733,169,14,14828,31635,11,4,2,10,10416,33,14,10767,1087,17,2,4,9,7155,116,12,5166,2522,35,1,8,8,5874,26,10,11233,8713,8,4,4,5,9988,172,12,1
1,0,1,0,0,5745,851,16,2,5,0,6783,129,13,9734,7880,31,4,3,8,8965,42,12,6631,1555,18,5,5,2,7989,145,12,3912,2814,33,1,5,13,5847,26,9,12557,7922,15,7,4,8,9898,152,11,0
0,0,0,0,1,19008,34318,119,9,8,9,13378,31,16,28895,10526,38,6,11,12,14849,211,18,39070,0,53,14,7,6,16168,234,18,22237,16366,34,4,7,7,15378,257,17,10643,1242,114,3,8,17,10145,38,15,0
1,1,1,1,0,33168,37152,68,14,3,15,18652,74,18,28151,22862,47,12,7,14,17654,236,18,13300,3353,84,5,10,14,10796,59,16,18777,5385,25,3,7,20,15481,236,18,19748,11664,30,7,9,9,15372,212,18,1
0,0,0,0,0,27598,2453,20,12,10,6,13171,172,14,7720,4478,29,6,9,1,9614,34,12,17376,171,17,4,7,5,7597,125,13,9934,315,41,3,8,11,7868,12,12,17655,1961,13,3,8,5,8757,155,12,0
1,1,1,0,1,6829,3380,16,4,11,11,8779,80,13,14847,26201,18,9,6,14,12129,27,16,41341,10297,26,19,3,10,15853,190,16,19244,15423,34,9,3,10,14324,201,15,7382,2068,45,1,5,11,7251,24,12,1
0,0,1,1,1,14417,15994,26,6,3,9,12275,184,15,13353,33352,20,7,1,8,11374,11,14,13319,6855,16,6,2,3,12404,191,15,9036,1764,38,0,4,15,6847,7,12,18498,8116,18,4,7,9,11225,205,14,1
1,1,0,0,0,6775,2278,19,1,5,2,8354,160,13,5061,1747,57,1,4,10,6475,25,11,8502,10506,27,2,4,8,9100,21,13,17078,13915,27,7,7,5,11704,204,12,10834,5832,30,6,3,3,9231,163,13,0
0,1,1,1,0,10562,6143,21,4,2,0,8528,173,13,9515,20374,22,8,2,7,9558,27,12,5321,1207,16,3,3,4,7783,151,12,6871,2999,8,2,3,5,8544,171,13,3240,398,38,2,1,14,6121,23,10,1
1,0,0,0,0,5597,920,19,1,3,0,6089,129,12,2487,16837,18,2,3,2,6840,10,11,5052,352,8,2,3,2,7410,168,13,3964,900,34,2,5,6,5821,23,9,7126,1548,16,3,5,3,7241,141,11,0
0,0,0,0,1,13571,3862,10,3,10,3,9957,165,15,17379,8116,37,5,3,13,11748,177,16,14140,27115,28,7,5,12,12394,34,16,3995,1578,74,2,4,17,8450,34,13,30840,29319,22,14,2,10,18496,279,18,1
1,1,1,1,0,15832,9381,33,5,5,8,12954,217,15,8381,1627,88,4,9,9,8351,40,11,11351,18019,22,4,8,7,10708,38,14,14157,3829,24,2,3,9,10490,228,15,21115,7535,20,9,6,6,13401,219,16,0
0,0,0,0,0,13365,548,21,3,6,5,7765,142,13,17468,8446,25,7,7,7,10715,57,13,18716,2761,22,3,12,7,7713,114,12,6375,374,45,1,6,11,5571,26,11,17757,5492,25,7,9,8,10600,141,12,0
1,1,1,1,1,21889,11641,23,6,3,8,13464,218,15,15975,31415,22,6,3,12,11109,28,15,32729,4251,25,18,7,7,13436,140,14,6353,2357,61,2,6,18,7134,28,12,22089,8462,25,8,2,19,12260,178,15,1
0,1,1,1,1,21289,15534,13,7,3,7,13606,187,16,15763,30424,19,7,5,8,11328,36,14,14513,4030,22,6,6,10,10027,142,14,6209,2834,36,2,5,20,7634,21,13,21234,11801,15,9,7,13,12851,179,14,1
1,0,0,0,0,14982,524,13,2,4,5,8297,158,13,20078,14388,27,12,5,7,12298,40,15,5837,2101,20,3,6,7,7959,114,12,8023,879,46,2,8,13,6750,42,11,16170,2721,15,7,8,8,10580,156,13,0
0,0,1,0,1,19250,11228,29,5,6,6,10216,101,14,13478,15000,25,3,8,14,10585,39,14,8825,3878,25,2,4,15,9341,131,14,35659,16151,14,19,3,15,17651,157,15,18222,9797,58,14,3,14,17358,44,15,1
1,1,0,1,0,13282,0,2,2,6,10,7787,124,13,26963,23253,33,9,7,10,13105,41,14,15248,2147,35,5,10,9,9581,158,14,17945,2309,32,6,11,5,11790,150,13,8245,430,42,2,9,9,6721,40,12,0
0,1,1,1,0,7608,8302,11,2,4,3,11184,216,14,11296,21757,28,4,8,4,8734,16,12,10235,712,10,6,10,0,8710,118,12,3857,837,35,0,3,6,5490,49,10,7652,2088,38,1,3,4,6561,82,10,0
1,0,0,0,0,18151,6525,21,8,6,8,9738,151,14,12177,16300,22,6,2,6,9919,23,13,16239,1788,19,5,1,10,10074,180,15,11870,11175,15,7,2,7,10203,159,13,5809,2323,42,2,2,15,6560,9,12,1
0,1,1,1,1,13972,5680,20,6,5,9,13303,209,17,22136,34313,28,4,9,13,10971,36,15,31563,11280,20,16,10,4,17460,211,17,30274,16124,29,16,7,7,15904,185,15,12525,2844,67,1,9,21,9400,44,14,0
1,0,0,0,0,22871,22164,21,11,4,8,16690,220,18,22279,13887,32,7,9,15,12062,50,16,22596,5418,24,8,6,13,14208,223,17,35717,10067,16,10,15,15,14927,221,17,7419,6874,61,3,9,20,9298,47,15,1
0,0,0,0,0,6477,0,11,0,2,0,4178,93,10,7224,5872,9,1,3,0,5465,16,10,7594,0,5,0,3,0,4053,98,10,2911,62,14,0,2,1,3221,9,7,4903,531,21,0,4,0,5127,120,9,0
1,1,1,1,0,7778,288,12,5,0,2,6638,119,11,5880,0,7,0,0,3,4750,108,11,5115,15837,9,4,0,2,6606,17,10,7607,928,11,2,0,1,5632,112,11,2833,0,17,3,1,3,4382,23,8,1
0,0,1,1,1,17972,6286,34,3,8,11,13742,222,17,27799,19328,21,9,8,9,14557,47,16,32703,19576,20,7,7,10,16338,263,17,29387,20743,26,6,4,11,15780,264,18,8529,6072,82,1,5,15,8421,27,14,1
1,1,0,0,0,29738,19177,30,11,4,7,16522,251,18,16718,35162,49,7,4,11,13664,59,16,8272,4616,22,4,8,5,13203,158,16,13065,4661,88,3,6,12,9898,46,13,27016,12191,40,7,4,14,15657,221,16,0
0,1,1,1,1,15352,2368,24,9,4,9,11439,184,15,28305,38174,22,17,4,13,14781,46,15,16449,7053,11,4,3,12,9975,160,14,4597,1075,42,2,3,18,8040,31,13,10549,10068,17,4,2,20,10417,146,14,1
1,0,0,0,0,10422,2112,25,4,5,0,9985,202,14,9893,16983,21,2,11,6,7042,8,12,15493,660,28,5,8,0,9382,158,13,11502,3629,9,3,6,3,9484,175,12,8238,2171,51,2,6,8,6338,34,12,0
0,1,1,1,0,5062,3295,11,2,1,0,7208,134,11,9682,14832,20,9,2,4,8953,15,12,4386,4891,16,2,0,6,4526,22,8,6078,613,21,3,1,7,6655,123,10,6748,4070,6,3,2,6,6058,91,9,1
1,0,0,0,0,4968,0,12,1,2,1,4477,71,9,7036,1124,12,3,7,2,5581,40,9,3470,321,17,2,2,2,4726,9,7,5971,117,11,0,4,3,4610,102,9,5488,0,5,0,5,3,4424,98,9,0
0,1,1,1,0,12872,1358,12,2,2,7,7027,137,12,15924,20281,17,12,2,7,11723,41,14,11687,5573,21,6,1,3,10279,180,13,6262,1111,46,3,4,11,6262,24,9,13026,3844,19,6,3,12,9212,113,12,1
1,0,0,0,0,11571,1769,22,1,3,4,7037,150,12,10702,1598,18,4,7,5,7838,29,10,6858,1958,8,2,7,3,5660,93,11,11645,953,14,2,6,4,8353,163,11,5759,0,42,3,7,8,6022,32,10,0
0,0,1,1,1,14707,11087,18,3,8,9,10177,153,15,17118,37840,36,6,2,14,12625,31,16,30194,7925,17,19,2,9,14972,155,16,8358,3878,84,2,2,16,8443,40,14,19433,17531,20,8,1,5,14054,227,16,1
1,1,0,0,0,13377,2409,21,2,9,4,9411,184,14,20051,6052,21,4,7,2,11184,206,13,16027,2373,79,2,5,9,8233,41,13,15773,21086,32,4,7,5,10769,50,14,12392,5532,19,3,10,4,10645,181,14,0
0,1,0,0,0,14906,342,20,7,5,6,11080,182,15,34347,1307,38,9,9,11,12789,40,14,13499,6569,30,5,4,9,10512,190,15,13850,2413,17,3,6,11,11284,186,14,10872,89,73,5,8,11,8310,49,11,0
1,0,1,1,1,8853,9383,27,2,7,5,9796,146,14,18843,20983,37,5,2,17,13928,190,15,22443,42873,17,12,5,10,16366,67,17,11167,6423,57,6,5,13,9856,47,13,14302,2438,21,7,10,9,11613,162,14,1
0,0,0,0,0,6849,4343,18,1,5,0,8142,200,14,9439,182,35,2,5,8,6945,26,11,10809,3257,22,4,6,3,7771,16,12,8486,3252,21,1,5,1,9007,191,13,17120,444,13,4,4,5,9063,158,13,0
1,1,1,1,0,24392,12615,18,9,0,5,14682,239,17,18250,48151,37,7,4,4,11133,30,14,16562,11719,23,5,1,6,12108,203,16,5474,1809,37,0,2,8,6074,8,11,12414,12347,20,4,5,3,10431,185,13,1
0,1,0,1,0,10870,5732,18,0,3,5,8989,179,14,8898,30979,37,4,5,4,10754,34,14,9541,3999,21,5,4,1,9562,159,13,5008,723,83,1,4,3,6406,38,11,11673,3397,21,1,5,2,8740,166,13,0
1,0,1,0,1,15779,6192,18,5,3,4,12783,217,16,11514,19017,44,4,3,3,10254,18,14,15242,13192,42,3,1,3,10069,210,15,16618,18623,47,5,3,10,13342,210,14,8986,2580,70,4,2,13,8931,27,14,1
0,1,1,1,0,22949,30440,44,5,8,7,16037,276,18,12806,45060,28,2,6,13,14790,66,18,4836,2180,104,2,5,20,10611,49,18,22285,10890,28,8,8,6,16722,247,18,43721,15111,34,14,5,8,21719,328,18,1
1,0,0,0,1,23242,17212,90,6,7,12,13268,196,17,40875,27607,40,14,6,10,18902,78,18,17764,12889,49,4,8,12,15224,221,18,26429,23294,27,6,7,16,18155,293,18,8756,3100,121,2,3,20,10228,37,17,0
0,0,0,0,1,19191,4369,31,4,6,11,11145,130,16,28860,54804,49,12,4,11,17691,98,18,19533,5381,29,9,5,11,15080,215,17,12564,2469,138,3,6,23,9958,53,15,18865,16384,25,5,4,13,13132,218,16,1
1,1,1,1,0,16779,6319,29,5,6,6,11869,206,16,14283,25267,30,6,8,8,12746,59,15,13418,2897,28,6,5,7,13228,204,16,5009,1922,91,1,7,11,7815,38,12,20265,8745,28,7,8,5,13906,253,15,0
0,1,1,1,0,25842,4235,33,10,5,4,14556,213,16,18859,20409,33,5,7,13,13228,62,16,18297,6397,27,8,5,3,12513,172,15,12345,2478,19,2,11,3,9222,188,12,6502,1118,47,0,12,6,5877,9,12,0
1,0,0,0,1,11721,6595,27,1,3,5,10316,207,16,19536,16790,30,10,8,11,12340,29,15,28509,7347,23,8,7,10,13048,167,16,6052,2489,45,2,2,27,8777,33,15,40136,13685,47,19,5,9,15599,232,16,1
0,0,0,1,0,11707,4677,18,2,2,9,8712,134,14,14386,47151,19,9,7,6,11892,21,15,22989,3564,28,13,4,8,11911,126,15,9227,12624,23,3,1,4,10372,204,13,4573,5293,48,2,2,9,6892,34,12,1
1,1,1,0,0,16878,7264,27,2,8,2,11010,214,14,6992,4547,35,4,7,4,8699,10,12,16282,1682,13,7,8,4,10026,144,13,12333,6359,22,2,2,4,10961,220,13,6367,640,68,1,4,5,6399,34,10,0
0,0,1,1,1,13507,3409,25,4,2,11,10846,167,15,18713,31821,35,10,3,8,12943,40,16,22210,13822,15,9,3,9,12126,180,16,21603,22871,24,11,1,8,14730,210,15,8789,3913,78,0,4,17,8230,20,13,1
1,1,0,0,0,10623,6172,22,1,6,3,9031,194,14,12702,13836,60,1,5,4,8451,16,13,19770,5250,48,6,11,1,11522,198,14,10958,3158,19,3,7,5,9848,183,13,4448,65,68,2,5,4,6688,42,12,0
0,1,0,0,0,17190,2121,29,1,5,7,9247,211,15,5785,1237,25,3,5,6,8989,26,13,11010,439,18,3,3,2,8332,163,13,4962,2596,55,1,7,5,6060,42,11,10003,0,20,4,6,1,9420,198,12,0
1,0,1,1,1,14253,12737,19,2,3,5,10081,178,14,17113,41219,24,9,3,5,11849,22,15,16050,8952,31,5,1,15,12136,188,15,10457,2229,94,4,2,13,8340,40,12,14855,9986,21,6,3,8,10492,169,13,1
0,0,0,0,1,30402,5308,19,8,3,5,12862,224,16,20666,39703,26,7,7,5,12887,46,16,20559,6391,30,2,6,8,10449,171,15,7120,1038,76,1,2,7,7411,54,13,23614,8290,18,4,2,5,11937,224,15,0
1,1,1,1,0,21585,16790,11,4,7,2,12501,227,17,20580,31446,35,6,6,8,13782,65,16,27543,11609,17,7,4,10,11916,159,16,6457,3462,74,0,2,13,8040,72,15,20377,9112,46,3,3,13,11660,121,15,1
0,1,1,0,0,12208,28086,24,4,3,11,10314,19,14,23882,9493,18,16,6,2,13556,139,15,16040,7210,13,3,4,13,9838,139,14,12259,9379,26,3,3,5,8769,168,12,7136,2735,62,2,2,9,6900,45,13,1
1,0,0,1,0,14830,5019,17,2,9,5,9214,160,13,16610,20811,25,6,7,7,10830,51,14,12577,5082,9,6,5,4,9285,144,13,8916,2707,19,1,3,8,7327,111,12,6525,1500,38,3,4,6,6669,35,11,0
0,1,1,0,0,16714,5090,12,4,7,4,9728,148,15,5821,13726,44,1,6,11,8558,36,12,15708,6830,23,5,6,9,12139,189,14,29055,22571,34,10,7,4,13444,195,14,4706,1423,66,0,6,11,7032,34,11,0
1,0,0,1,1,29525,13691,19,7,3,18,13804,258,17,16295,32009,32,12,6,12,14807,22,16,9505,4528,38,6,4,7,12534,220,15,4865,6994,42,0,2,22,7035,33,13,21628,5982,12,7,5,12,11506,138,13,1
0,0,0,0,0,19215,4221,12,5,7,3,9033,136,14,19645,21577,23,10,8,5,12243,22,14,16855,9732,15,4,6,2,12238,232,15,7366,5737,19,0,3,6,8190,173,12,5883,976,60,1,4,10,6941,39,11,0
1,1,1,1,1,27630,9658,24,7,3,9,13600,213,16,22995,24685,42,9,6,11,13270,37,15,9738,2116,13,3,5,9,9910,104,13,21728,24675,50,6,3,8,14662,239,15,8385,5481,66,3,3,13,9103,33,13,1
0,1,1,0,1,8000,5069,7,4,1,5,8866,160,14,15306,13267,21,3,6,15,9268,14,13,13582,6234,9,7,2,3,11273,176,14,12330,26399,22,11,2,5,11819,151,13,4293,2372,35,3,3,14,7257,24,12,1
1,0,0,1,0,9705,4384,15,0,6,5,7013,136,12,11020,20396,31,8,4,3,10044,35,12,8296,656,28,1,8,8,5567,5,10,11815,3854,8,4,4,5,9023,173,12,10567,1998,19,1,6,5,8070,171,13,0
0,0,0,0,0,25389,6485,18,6,7,19,12639,144,16,12649,39046,44,7,10,20,14797,25,16,7776,3312,72,2,7,24,10037,36,15,29189,31739,60,17,8,8,18554,249,17,17738,13301,36,7,9,10,14234,219,17,1
1,1,1,1,1,20056,5011,17,5,7,9,12319,170,15,33779,12698,21,6,7,25,11707,36,14,28898,9458,30,13,9,14,16281,198,16,16224,2938,16,3,9,21,10704,156,15,19907,1602,74,14,7,15,13373,70,14,0
0,1,1,0,1,11770,2480,29,3,1,9,11413,218,16,17608,41819,43,8,2,13,12383,24,15,16757,30447,21,5,4,7,13289,237,16,23359,11554,33,6,6,13,13367,226,15,9313,2016,74,3,4,20,8552,37,13,1
1,0,0,1,0,21196,4339,20,2,2,5,11448,253,16,10088,11701,37,9,6,5,12568,21,14,11991,1313,26,2,3,8,10842,236,16,8800,1354,88,1,10,6,6844,43,11,12229,7188,31,3,4,3,12100,247,15,0
0,0,0,0,0,5685,0,8,1,10,2,5765,83,11,8625,2825,14,3,6,1,8552,38,12,5711,1982,52,2,7,4,6647,24,10,14284,5561,14,3,2,4,9065,190,13,5548,0,16,0,9,3,6225,130,11,0
1,1,1,1,1,14984,4002,17,10,2,5,10592,169,15,13833,35207,49,9,1,6,10300,32,14,10284,5514,23,5,1,7,9018,150,13,5923,3326,51,2,1,13,6933,16,11,17159,14814,19,8,4,7,11216,176,13,1
0,1,1,0,0,9069,1978,17,1,4,1,7855,178,12,8280,2102,16,5,10,2,7278,20,9,3698,0,13,1,3,2,5634,110,11,3480,273,36,0,5,5,4613,24,9,7181,1269,13,2,4,1,7324,172,11,0
1,0,0,0,0,2546,501,16,0,0,3,6281,143,12,9390,16504,18,6,1,9,9850,14,13,8460,1007,40,4,6,13,6392,24,9,8310,1915,10,3,1,9,8513,174,13,17270,4118,12,13,1,5,10003,127,13,1
0,1,1,1,1,16769,40992,31,6,5,17,11744,42,15,21746,15228,29,13,7,14,13470,139,16,28198,8218,31,15,4,18,18547,237,17,33364,9405,40,21,7,11,18390,204,16,8529,2300,53,3,8,36,10154,24,14,1
1,0,0,0,0,21731,9052,20,8,9,12,14258,82,16,14296,3293,25,5,13,8,10127,178,14,6034,266,36,3,15,14,7924,36,13,13424,199,18,3,12,10,7668,108,12,24978,8666,23,11,9,6,15047,209,16,0
0,1,0,0,0,15016,10183,40,7,6,6,11136,43,15,13546,8434,22,7,6,3,12074,188,15,15270,4000,16,4,8,7,8717,120,13,6638,275,47,0,7,9,6157,39,11,16834,4220,25,2,4,8,9021,175,13,0
1,0,1,1,1,17033,25920,14,8,1,11,11961,49,15,9852,8521,22,4,4,5,10637,202,14,22839,10806,33,10,6,9,13404,162,14,12500,3137,24,6,6,5,11282,194,15,5131,4271,68,3,3,11,7021,30,11,1
0,0,0,1,1,18289,26060,12,9,6,1,13150,167,16,13806,35834,27,7,3,12,12790,15,15,23482,2462,30,4,3,17,10616,172,15,12412,7383,116,6,3,9,9410,51,13,14323,6913,23,3,5,11,10764,166,14,1
1,1,1,0,0,14283,2336,18,3,7,6,8806,137,14,13307,4858,29,5,5,5,10060,55,14,15089,5786,22,6,6,5,11478,198,15,15703,3703,10,5,5,9,11125,177,14,7241,1292,46,1,6,7,6634,38,12,0
0,1,1,1,1,12309,2013,14,2,1,6,7805,158,14,16320,39581,21,9,1,6,12484,27,15,16283,6038,22,6,4,1,10510,187,13,11061,3404,42,2,2,9,6684,23,11,9801,5787,28,3,3,5,9102,175,12,1
1,0,0,0,0,4816,7183,18,1,5,2,7311,12,12,7971,336,50,6,1,2,7709,43,10,8594,407,17,0,8,4,6274,115,11,12601,3800,12,0,4,1,8705,206,13,5925,6943,19,4,4,3,9582,207,14,0
0,1,1,1,0,20866,7503,28,4,7,13,13361,219,17,36773,44559,17,18,9,10,17237,51,17,20614,4255,11,7,4,12,12653,185,15,6347,1390,80,1,4,11,6991,30,13,9358,6229,24,4,7,5,11507,212,14,0
1,0,0,0,1,25170,15913,24,7,9,5,14241,226,17,10293,15050,17,2,10,9,9763,18,14,26517,5013,23,12,11,6,13404,158,16,40008,21876,24,8,1,11,17619,291,17,4834,5103,68,2,3,18,9002,6,15,1
0,0,0,1,0,6869,1240,19,0,6,4,9106,177,14,16895,16177,30,4,5,7,10164,19,14,15021,6755,17,4,4,3,12802,246,16,8172,7449,77,4,3,5,7885,48,12,9724,4195,21,2,1,5,12752,258,15,0
1,1,1,0,1,14992,12608,24,6,2,5,12720,219,16,13697,15631,41,4,1,8,10027,17,14,18809,20328,29,3,3,4,13558,243,17,20704,17535,21,3,2,7,12769,246,15,7460,1822,108,3,6,10,8432,37,13,1
0,0,0,0,1,16276,8560,18,3,5,10,12796,193,17,29907,47432,55,15,10,8,17561,63,18,20211,11096,39,1,4,13,14450,269,18,39039,16581,52,14,1,12,18280,255,18,8923,6625,81,4,2,22,11556,56,16,1
1,1,1,1,0,17113,12741,24,8,11,2,14164,191,16,24515,20146,34,6,10,9,13693,53,16,16069,20245,33,4,2,7,17010,277,18,13824,9534,37,1,2,6,12616,273,16,8375,474,93,3,12,8,8825,28,13,0
0,1,0,0,0,6470,2464,15,0,6,4,7392,148,13,12398,8100,25,5,4,3,9658,68,13,17001,2686,24,6,5,0,10552,207,14,3708,0,29,2,5,6,6042,48,10,8934,329,24,0,7,9,7268,93,11,0
1,0,1,1,1,15543,12797,26,8,1,5,12549,193,15,14023,29514,42,4,5,13,10802,31,14,15981,3212,22,8,2,12,11157,158,14,8464,12053,11,2,2,6,9886,188,13,9599,3567,93,5,3,13,8708,48,12,1
0,0,1,1,0,4944,0,19,3,9,6,5301,14,8,7007,9157,17,4,6,5,7040,14,10,9753,1826,12,8,5,1,9297,111,11,8908,464,6,1,7,1,5250,100,11,7773,102,7,2,6,7,6011,98,9,0
1,1,0,0,1,12787,12874,18,8,2,8,8901,13,11,12237,4513,8,6,5,6,8661,118,12,9219,1856,18,3,4,3,6952,117,11,3700,1638,20,1,4,13,5595,18,9,14907,10423,20,15,4,4,11925,141,11,1
0,1,0,0,0,17163,2049,11,4,7,4,8433,142,13,12516,14240,22,8,10,4,9490,13,11,13061,514,14,1,3,5,7293,152,13,12122,2160,40,3,4,9,6334,31,11,15856,463,23,2,7,9,7215,117,12,0
1,0,1,1,1,21978,8348,30,14,3,4,14220,182,15,14318,21302,20,3,4,8,11065,25,15,11894,6553,30,4,3,5,8329,122,12,17034,15923,23,8,4,9,12958,192,14,5085,1178,43,2,4,12,7030,28,11,1
0,0,0,0,0,3420,0,7,0,1,1,3560,76,7,3236,0,1,0,2,1,3143,59,8,4873,0,8,3,3,0,4348,73,9,2747,1806,6,1,5,1,3860,9,8,1016,0,5,1,4,0,2782,13,5,0
1,1,1,1,1,9613,3598,10,1,1,5,5823,94,10,4695,16728,14,9,0,1,7344,23,9,6278,1886,9,3,4,5,5551,86,9,5811,3099,11,2,0,4,5917,123,9,2934,3015,19,0,0,5,3850,4,7,1
0,0,0,1,1,33917,16295,19,6,6,7,15217,217,17,28992,36342,44,9,4,11,15755,82,18,17067,1362,23,3,9,7,11613,204,16,32614,31069,29,9,5,8,14932,224,16,6434,2434,84,1,6,18,9764,36,15,1
1,1,1,0,0,21013,3738,38,2,8,4,10229,181,15,17975,21143,16,5,4,12,11281,26,15,25090,12836,38,7,4,9,13899,240,17,44039,13987,26,14,4,6,17451,247,16,14062,2373,93,2,8,15,9118,42,14,0
0,0,1,1,0,4773,714,49,1,0,9,5782,34,11,15470,3076,7,8,1,1,9626,171,11,2971,6652,8,2,3,4,8431,140,12,6661,26567,23,1,3,8,7615,8,12,21614,11218,15,9,0,2,10429,151,13,1
1,1,0,0,0,4850,0,14,1,4,2,5436,73,9,1834,0,12,0,2,2,3822,32,9,7264,37,9,2,7,1,6030,122,11,6390,551,10,1,4,2,6236,150,12,10070,9138,16,3,4,2,6945,12,10,0
0,1,1,1,1,21184,10630,24,7,4,10,12326,190,15,21837,36851,29,12,4,9,13794,37,16,15728,3881,37,5,2,12,11653,200,15,8377,1243,59,2,7,17,7320,17,11,12176,8521,15,3,5,15,12460,162,14,1
1,0,0,0,0,17519,2186,23,7,6,4,11466,199,15,7425,22114,22,4,5,8,9704,25,14,11583,10459,25,1,6,3,9901,196,14,6285,1102,64,1,6,9,7674,34,12,38811,19171,23,9,6,9,13592,210,15,0
0,0,1,1,0,17710,6981,13,9,8,3,11679,183,14,10629,14931,25,3,8,7,7538,20,11,4959,115,6,3,8,3,7558,104,11,5078,333,15,2,10,12,6526,14,10,10151,3099,13,2,7,4,7204,124,12,0
1,1,0,0,1,15404,17182,13,9,2,11,13032,164,15,12332,11271,17,4,5,18,10397,25,14,31207,2479,20,11,6,10,12885,196,16,21123,40447,15,15,2,8,15010,181,14,7545,7536,53,2,4,16,7802,27,12,1
0,0,0,0,0,5401,218,11,5,2,0,5981,109,10,5259,1990,6,0,5,3,3881,70,9,6213,0,16,1,3,1,3430,23,8,5450,0,8,0,2,2,4587,111,8,3613,2595,11,0,5,2,4692,10,9,0
1,1,1,1,0,7356,1671,15,2,1,6,5650,105,9,3553,1166,16,1,1,7,4342,8,9,8820,1449,7,9,0,3,8195,103,11,5686,21170,10,0,2,8,7148,21,11,9706,1704,10,5,2,1,6464,116,11,1
0,1,1,1,1,5408,3466,42,1,3,15,6415,33,10,8564,1265,13,3,1,14,8542,145,12,11020,6754,15,5,2,10,8425,115,12,21441,29977,22,14,3,6,11049,17,12,15066,7175,13,5,2,12,9865,150,11,1
1,0,0,0,0,5847,891,10,0,5,2,5599,126,11,8907,6315,21,3,4,2,6260,10,10,7379,272,16,4,6,2,7654,119,10,7180,0,15,1,6,3,6204,135,12,7833,267,41,3,7,5,5613,25,8,0
0,0,1,1,1,14552,9416,23,6,3,4,10202,146,14,16546,30691,22,11,3,15,12163,33,14,15615,3673,9,7,3,12,11046,178,14,11971,5526,18,6,1,11,9614,144,13,5208,1759,36,3,6,12,6623,24,10,1
1,1,0,0,0,12384,508,17,1,6,6,6264,123,12,10581,4997,12,6,7,5,8096,25,11,16189,7830,21,6,10,5,9784,156,12,8895,2962,23,2,5,7,7498,161,12,6789,2451,40,1,5,10,5375,27,11,0
0,1,0,1,1,13972,12768,37,7,2,7,16615,242,18,27216,67685,50,10,2,5,16071,34,18,27752,11288,47,7,0,10,15953,282,18,5681,1632,122,3,6,13,9569,47,14,14668,11848,26,4,4,12,14895,211,17,1
1,0,1,0,0,6419,1078,27,0,11,1,9635,198,15,6634,15436,33,1,7,2,10192,64,15,15985,5455,29,2,7,2,12724,282,17,8554,5386,87,2,3,11,9868,20,15,24095,20412,36,9,3,2,18877,320,16,0
0,1,1,1,1,16896,4823,22,10,5,8,11353,161,15,12088,50877,19,4,2,16,11924,29,15,20216,8756,22,11,3,8,14241,190,15,5531,6670,12,0,4,11,9549,180,13,4910,1983,60,3,3,7,6957,36,11,1
1,0,0,0,0,12452,8620,21,4,7,5,8599,32,13,15033,2027,24,5,6,6,9177,173,12,6138,0,48,3,5,7,6851,34,11,5861,1269,11,3,4,1,8510,184,13,9710,2692,11,2,6,2,7900,150,13,0
0,1,1,1,1,24003,13083,43,9,5,9,16947,272,18,24156,25776,32,6,6,17,16313,75,18,25203,9832,47,9,7,6,15860,220,18,39552,19672,45,12,5,10,19391,304,18,21130,2489,149,4,5,23,11752,61,17,1
1,0,0,0,0,33508,13423,34,7,12,5,16622,311,18,22546,55123,76,10,6,6,18510,82,18,30102,4999,28,5,4,6,15729,257,18,11878,2722,107,1,9,10,9534,38,15,27403,16055,45,5,9,8,17084,319,18,0
0,0,0,1,0,10856,2076,15,2,9,7,7238,90,11,9817,8713,22,4,8,2,8883,30,13,17254,1086,17,8,7,2,11051,188,14,4679,1640,52,2,7,4,6375,11,10,7129,1655,22,0,5,6,7987,182,12,0
1,1,1,0,1,16955,17152,12,13,3,6,14385,177,16,15315,31830,39,9,3,10,11732,32,15,17450,10946,33,6,3,11,10930,145,14,13570,10779,27,3,3,9,10192,189,15,5721,2025,49,5,4,12,7790,20,11,1
0,1,0,0,0,14704,170,15,2,4,3,6633,131,11,12926,1686,21,6,5,4,8438,25,12,10741,3478,8,3,5,6,7121,108,11,5513,238,8,1,4,2,6394,138,10,3946,40,41,2,3,5,5043,33,9,0
1,0,1,1,0,11407,1506,13,6,4,2,7889,104,13,11142,35463,28,3,3,10,8329,32,12,9240,2381,11,4,6,4,7487,110,11,10262,5625,29,5,0,3,9059,193,12,5222,649,33,3,1,9,6029,26,10,1
0,1,1,1,0,6930,1720,14,5,3,8,8592,151,11,14376,41197,19,12,4,8,11702,25,12,13348,1314,21,8,2,9,9426,150,13,6257,1720,33,3,1,15,6547,13,10,8572,2118,18,2,3,5,7388,120,12,1
1,0,0,0,0,7276,0,26,1,4,6,6615,150,12,7472,2662,11,3,6,1,6573,129,10,4634,1130,38,1,8,6,4615,33,8,8925,413,22,2,6,3,6743,139,12,7760,1756,15,6,6,2,8476,12,11,0
0,1,1,1,0,25152,14042,27,3,5,4,17566,308,18,21827,28912,39,8,3,6,15786,49,18,39432,14578,47,7,5,11,17992,286,18,12781,6704,135,2,10,7,10481,61,16,33780,26718,38,10,5,8,17850,275,18,1
1,0,0,0,1,14282,21952,33,2,6,11,11805,36,16,24041,10118,42,6,4,14,15523,285,17,5874,4895,105,2,4,14,9500,40,15,28848,13426,37,8,7,4,17645,342,18,37454,21415,48,10,9,3,17239,258,18,0
0,1,0,0,0,6015,0,11,3,5,0,5093,82,10,4608,1352,11,1,3,1,5160,110,9,2840,0,9,0,4,2,3264,21,7,8074,749,10,0,5,2,5381,116,10,5130,4290,11,1,4,1,5380,3,9,0
1,0,1,0,0,9593,6769,18,8,0,3,7781,4,11,10453,4528,16,1,2,7,7428,151,12,4148,4365,24,4,1,8,6489,27,10,10040,6688,8,5,0,7,8982,161,11,6426,0,12,3,2,3,5850,110,11,1
0,0,1,1,0,20075,2412,18,5,8,9,10818,162,14,12929,13377,14,7,8,4,10410,15,13,17559,2731,14,4,7,5,10833,206,15,4983,0,54,2,6,8,6336,24,11,18046,1417,29,1,6,7,9164,200,13,0
1,1,0,0,1,35216,42114,40,17,3,7,17188,85,18,5118,2524,69,3,3,13,8465,34,13,15190,11539,24,2,4,10,11411,198,15,22963,4936,29,6,7,9,10958,157,15,18782,7824,13,7,2,6,12182,202,16,1
0,1,0,0,0,3586,1742,25,1,4,6,3658,3,7,6499,0,9,1,3,5,5628,123,10,3294,0,14,0,4,2,4453,102,10,6490,657,7,3,3,3,5639,74,8,5130,9945,15,2,5,1,4992,9,8,0
1,0,1,1,0,11434,3278,8,7,1,1,8959,148,12,4333,5949,52,1,2,8,5187,30,8,6198,13846,11,5,2,4,7899,15,11,3870,2020,6,1,2,7,5896,101,9,5189,2445,13,5,0,5,6413,104,10,1
0,0,1,1,0,8217,172,15,1,2,6,6121,135,11,6112,11023,8,4,2,10,7111,8,10,11409,1887,32,10,5,12,7651,20,9,17560,3810,11,12,3,11,10234,85,10,6376,1709,7,6,0,2,6539,115,12,1
1,1,0,0,0,8885,0,10,4,9,5,5621,73,8,9484,4103,15,4,8,6,5994,7,8,4729,641,21,2,8,8,4797,21,8,8262,0,7,1,4,4,5059,105,10,7154,0,6,1,4,0,5272,127,10,0
0,1,1,1,1,18668,8318,29,4,2,9,11891,166,16,16611,19740,27,6,4,11,11798,26,15,25135,10926,24,7,5,11,12096,148,16,22923,21968,28,6,3,11,13593,202,15,10166,6901,85,8,4,5,11756,63,13,1
1,0,0,0,0,22231,9609,11,4,5,5,13294,241,15,18433,8010,36,5,6,7,11019,56,15,10107,207,21,2,9,5,9478,163,14,9079,1881,70,5,7,8,9265,29,12,23875,1043,18,2,4,9,11249,203,14,0
0,0,1,1,0,3465,2403,15,2,4,1,7210,132,12,10189,16811,31,2,3,6,7678,10,12,9116,7396,14,2,4,3,8005,151,10,3755,1293,36,0,4,7,4717,5,9,10740,3888,12,3,4,2,7701,167,12,0
1,1,0,0,1,4397,1771,40,2,1,9,6088,30,10,16945,3937,12,4,1,6,9108,176,12,1149,514,14,0,4,8,4856,45,10,8142,25795,16,6,1,4,10348,63,14,12007,3955,18,7,2,4,10822,203,14,1
0,0,1,1,1,27012,6402,16,11,6,9,13800,169,14,19752,35108,21,11,5,12,13802,33,15,16530,4147,14,13,2,5,14001,112,15,17798,3518,36,3,10,14,9320,131,13,12305,4106,72,1,8,26,9030,30,13,1
1,1,0,0,0,12316,3693,16,2,8,9,8994,180,15,21554,3154,20,6,6,14,8871,8,13,15458,1252,13,5,8,9,9831,146,14,9022,2083,68,3,8,20,8250,17,12,37723,10907,22,15,9,9,14418,165,14,0
0,1,1,0,1,16474,7790,23,9,1,2,13145,209,15,17634,26951,32,12,5,7,11576,28,14,12640,4641,21,6,2,9,9668,136,14,9199,693,50,2,3,19,7377,14,12,18243,5813,23,9,5,6,11351,155,14,1
1,0,0,1,0,16022,1522,15,3,10,3,7944,135,13,12038,24778,13,6,5,1,10380,57,13,14452,4423,10,3,8,4,8565,130,13,12030,2628,8,1,8,8,7552,134,12,5932,472,58,3,7,5,6359,42,12,0
0,0,1,1,1,21905,3697,20,7,4,16,13267,229,17,22555,40495,50,14,6,14,15326,34,16,21887,11236,33,12,3,12,13996,151,16,7141,213,78,5,8,21,9609,37,14,28801,11754,29,10,6,18,14306,210,16,1
1,1,0,0,0,16279,3226,22,5,9,3,11652,151,14,26954,8478,29,11,7,6,13710,58,16,13921,3416,28,3,13,3,9608,190,14,21539,4503,14,3,10,14,11077,173,14,11905,1567,48,4,9,11,8090,7,13,0
0,1,1,0,1,14439,1812,13,2,9,14,8928,118,14,13645,20910,37,6,7,13,11303,26,13,29963,9182,29,9,2,8,12159,177,15,8248,5530,48,2,2,22,9482,32,14,27028,23983,28,13,3,7,15241,189,14,1
1,0,0,1,0,19740,7699,36,4,8,11,11651,170,15,15181,33968,21,5,5,11,11663,29,14,15871,2710,13,7,4,6,11463,187,15,6439,4795,49,3,8,8,7392,27,12,17872,8088,19,4,7,8,9366,166,13,0
0,1,1,1,0,16539,9496,24,7,4,7,16504,294,18,18557,46072,53,9,7,9,14870,45,17,36820,3315,19,12,10,8,17259,240,18,13406,926,90,1,8,18,9003,21,15,21458,22221,38,8,6,8,16513,249,17,0
1,0,0,0,1,27069,17112,20,9,11,8,17593,306,18,36585,18781,34,9,6,15,15667,51,18,18538,4649,47,8,8,4,14717,248,17,19261,8596,34,5,8,16,14924,248,17,9975,2073,105,4,5,24,10468,39,15,1
0,1,1,1,1,18358,9357,20,9,3,5,12241,172,15,19359,48653,19,10,2,8,13032,34,16,14250,3731,25,7,0,5,10839,183,15,9012,9897,32,1,1,7,10457,207,14,10101,869,70,2,2,11,7156,35,13,1
1,0,0,0,0,9981,951,22,2,4,1,7782,172,13,8916,7434,18,3,7,2,8207,38,12,7427,0,13,0,6,1,6371,130,12,11801,4352,26,2,6,3,9146,177,12,9443,637,18,1,6,5,5963,47,11,0
0,1,1,1,1,18503,3095,24,3,2,9,9894,161,15,30178,40974,29,13,4,15,15766,96,17,21723,9394,14,10,4,11,13191,187,15,18648,12899,30,8,3,19,12813,152,15,10937,3476,57,4,3,16,8143,28,14,1
1,0,0,0,0,8865,15109,22,3,8,2,10224,45,14,12288,2858,15,3,10,5,10304,179,13,6710,175,52,1,8,5,6200,33,11,19150,5315,31,4,6,6,11648,198,15,15973,10657,16,5,6,0,12002,232,15,0
0,1,0,0,0,6918,3090,10,1,4,2,6358,121,12,4351,6765,15,1,2,3,6303,15,10,8639,3155,23,3,1,1,7372,154,12,5080,1005,24,0,2,2,4173,28,8,6410,1881,11,0,1,2,6660,169,11,0
1,0,1,1,0,3959,3293,14,3,1,0,7713,157,12,2924,2307,31,0,0,6,5183,52,9,3596,5163,31,0,1,4,5629,71,10,9444,21252,21,6,0,3,8681,151,12,11989,12955,16,1,3,6,8778,10,12,1
0,1,1,1,1,10430,10557,22,2,2,9,11603,198,16,18354,40164,21,8,0,7,14781,41,17,23607,6790,25,6,6,7,12708,200,15,26160,8837,35,5,2,8,13119,230,16,14042,3384,109,0,10,11,8735,46,13,1
1,0,0,0,0,15416,2529,19,2,6,7,11311,245,16,8615,20992,39,2,2,9,9970,36,14,12487,8876,24,3,5,4,10455,170,14,17508,0,91,3,3,14,8181,43,14,24245,12906,25,10,5,4,14348,231,14,0
0,0,1,0,0,13122,3448,21,2,2,5,10643,202,15,9077,14495,30,5,3,4,10105,17,13,22749,3192,18,3,5,6,8587,150,12,5442,3264,84,5,4,7,9150,27,10,19491,9824,19,2,3,9,9323,171,13,0
1,1,0,0,1,10984,4267,18,5,4,2,9578,146,14,10973,25494,21,5,2,5,11296,37,15,24442,12531,11,6,3,6,11470,192,14,2682,2845,43,0,4,15,7124,63,12,12567,6949,38,1,4,14,8525,82,12,1
0,0,0,1,0,11786,11790,24,2,3,7,12106,167,16,21313,19068,29,5,6,16,12742,45,16,34546,1486,25,12,11,10,14081,183,15,18696,7310,111,10,5,14,11151,53,13,30087,27045,26,7,8,11,14898,218,15,0
1,1,1,0,1,48993,22871,24,16,4,6,20540,292,18,25991,31539,70,3,7,14,13861,103,17,14998,3042,22,5,9,18,11584,121,16,17186,12519,31,8,6,5,13137,192,15,6478,2422,61,1,10,20,8826,29,14,1
0,1,1,1,1,7522,12514,18,3,3,3,9509,169,15,8583,44110,37,7,3,6,12107,39,15,15561,7908,15,3,1,6,12914,234,16,14979,16843,35,2,2,8,12602,239,14,6166,2514,64,1,2,7,7622,38,12,1
1,0,0,0,0,20038,2033,17,6,7,2,11144,209,15,11792,8765,39,5,4,1,11335,38,15,7950,2243,14,0,2,1,8447,209,14,7524,4466,28,0,2,3,9349,201,13,3131,674,59,0,1,5,6179,19,11,0
0,0,1,1,0,6360,518,7,1,9,4,5186,58,10,10085,981,20,2,5,5,6466,127,12,12685,1388,23,4,3,1,8538,168,11,7786,23599,8,4,6,3,6935,5,11,4114,800,39,0,3,4,4687,27,10,0
1,1,0,0,0,3241,131,19,0,1,11,4857,7,10,14236,4663,17,4,5,8,7553,133,12,22606,3004,21,11,2,6,10760,131,13,8581,3494,17,4,1,7,7508,138,11,10636,9026,13,7,2,8,8455,16,12,1
0,1,1,1,1,24168,46683,17,12,1,18,14652,25,16,11423,10589,21,3,4,9,11103,193,13,7381,1350,70,1,6,22,7646,34,13,16562,3920,19,3,5,19,10394,162,14,22321,17612,22,15,4,10,15687,170,15,1
1,0,0,0,0,15173,3653,22,6,6,3,12302,209,14,15807,7264,20,3,8,10,8821,20,13,7728,0,13,0,9,8,6474,95,12,6731,2484,54,1,5,11,6510,42,11,20001,9027,13,10,6,5,11901,168,13,0
0,1,0,0,1,13246,10553,18,5,1,3,12134,203,15,22048,20777,22,13,1,4,14015,49,17,10242,17451,32,3,4,4,12163,214,16,3705,2991,60,1,2,13,7602,50,12,10734,5928,45,2,4,12,9595,92,13,1
1,0,1,1,0,17493,4840,17,3,6,2,12219,229,15,8916,24544,32,3,5,2,9928,13,13,15353,3544,25,4,3,5,11190,209,15,11158,5621,19,0,8,4,9339,193,12,5986,2726,90,2,2,7,7591,31,10,0
0,0,0,0,0,20805,1906,20,4,8,7,9927,158,14,19978,3581,37,7,9,4,11900,41,15,26855,2995,20,8,8,10,11722,173,15,19750,8397,21,2,7,13,11098,178,14,11071,362,45,3,9,12,7522,16,12,0
1,1,1,1,1,15132,3421,39,5,6,17,10764,128,16,19948,45077,55,13,6,7,15022,55,16,27896,6424,16,13,3,14,13529,142,16,8441,3523,62,7,4,20,10573,11,14,24577,14900,32,3,5,16,13265,213,15,1
0,1,1,0,1,18474,6574,21,9,4,9,13230,182,15,39158,19475,24,19,3,19,15513,47,16,24354,2065,13,8,4,12,11372,171,16,8653,3418,72,3,9,16,7627,29,12,32259,10838,16,14,3,17,14812,168,15,1
1,0,0,1,0,14917,4171,12,4,8,5,9623,174,14,18462,13263,23,4,12,10,10040,16,13,20488,1920,20,9,8,6,14101,222,15,14937,1490,19,4,13,7,8681,137,13,12009,1157,58,2,12,9,7092,46,11,0
0,1,1,1,0,9854,5239,11,3,2,6,7378,91,12,4554,770,28,1,5,11,5174,24,9,9528,7420,11,8,2,7,10072,125,11,7656,16342,12,9,1,1,8581,25,11,9364,42,14,7,2,2,7267,105,11,1
1,0,0,0,0,6070,833,21,5,6,2,6090,9,8,3815,595,7,1,6,4,5109,95,9,4789,1931,8,3,6,2,6152,27,10,7988,1857,11,3,7,0,6348,106,10,4304,0,14,0,3,3,5335,125,11,0
0,1,0,0,0,10569,36,12,4,6,2,8737,155,13,10424,8940,17,3,7,4,7499,24,11,3874,670,10,0,8,6,4478,16,9,16127,868,16,3,5,2,7627,140,10,10474,0,6,0,5,7,6031,100,11,0
1,0,1,1,1,5933,31459,26,2,3,11,9165,18,13,27715,4882,12,10,1,18,11719,140,13,6744,4205,54,1,3,15,7106,50,12,14594,1190,10,12,2,6,10981,139,13,7681,1785,24,6,1,5,9252,162,13,1
0,1,1,1,1,13712,9846,25,5,1,13,10454,167,14,21210,22564,9,11,1,15,11695,16,14,15675,1819,26,3,3,20,8498,127,13,23600,8471,8,13,1,6,12350,180,13,7173,1242,40,4,2,22,8069,32,12,1
1,0,0,0,0,12027,2450,13,2,7,2,7171,140,12,10872,11204,16,2,9,3,7747,17,11,12126,2405,15,1,5,5,7396,167,12,7223,2143,16,1,7,3,7666,144,11,7772,798,43,2,8,3,5216,39,9,0
0,1,1,1,1,29435,23232,29,7,9,5,16895,237,17,31618,65550,41,11,8,11,17127,51,18,22484,5525,19,9,7,11,16033,217,17,10956,6493,136,5,2,23,12007,42,14,29833,8750,31,7,9,14,13840,194,16,0
1,0,0,0,0,8305,1571,24,2,9,17,11493,176,17,28822,29520,33,9,7,19,16357,104,18,28004,4847,50,10,11,7,13810,160,16,40498,18377,40,14,4,13,20071,314,18,8142,5381,91,0,8,31,9383,31,17,1
0,1,0,0,1,14239,13408,25,6,6,9,10121,146,14,11501,14379,18,7,3,11,11142,30,15,17649,0,23,2,6,12,9191,149,15,8122,3725,66,7,2,26,10369,39,15,34768,16031,12,21,4,10,16948,217,16,1
1,0,1,1,0,16531,2910,15,3,8,5,9390,151,13,16853,23937,23,7,7,5,11807,46,15,15467,3542,21,6,6,3,11196,199,15,6087,196,48,4,7,4,7320,53,12,20240,556,10,1,15,6,7673,141,12,0
0,0,0,1,0,5225,5104,11,0,4,1,6904,141,13,9627,8771,14,3,3,4,9039,25,13,7934,3410,11,2,8,2,8486,143,12,5760,172,49,2,8,3,5543,32,10,5124,3493,11,1,5,1,6796,133,10,0
1,1,1,0,1,10230,28244,38,5,4,10,9808,28,14,14881,11909,10,7,2,4,12094,215,14,4436,5154,37,1,0,14,7289,45,12,14985,2138,12,11,1,8,12808,138,13,20840,12473,27,4,1,6,10887,195,15,1
0,1,1,0,0,13230,3267,20,5,7,5,9946,153,13,11443,5910,11,6,10,1,9110,14,11,13526,7114,26,2,1,6,11885,218,15,3595,524,54,0,4,6,5567,26,10,11605,3155,28,5,6,1,10338,184,12,0
1,0,0,1,1,15155,5251,16,6,6,4,11493,161,14,11175,24039,35,3,5,11,9156,21,14,19489,14482,30,13,3,4,12487,152,14,8740,4175,46,4,3,13,9029,71,12,7591,5750,31,2,1,14,8692,72,12,1
0,0,0,0,1,21266,10336,17,9,2,9,12958,213,17,8797,17808,30,5,0,10,11674,57,16,5665,2161,47,2,6,13,7309,19,13,20184,9656,27,9,5,3,13823,231,16,11313,15087,22,2,4,15,10792,171,15,1
1,1,1,1,0,9577,16313,24,3,7,0,11600,197,15,17626,28039,19,4,5,4,11470,48,14,19696,1657,25,3,6,1,9034,168,14,7596,1825,81,0,5,9,6818,36,11,11951,1828,36,7,4,3,13279,247,14,0
0,0,0,1,1,16122,12373,27,2,1,9,13022,240,17,7181,4368,85,2,5,12,7564,34,13,29034,14734,26,11,1,11,15453,236,16,17637,43238,23,6,5,9,12225,37,16,22881,12084,18,5,5,8,12408,199,16,1
1,1,1,0,0,14476,13442,39,4,7,7,10351,32,14,14488,7732,14,4,5,4,12183,227,16,18621,4435,37,4,3,3,10005,208,15,16833,4227,21,4,5,2,10784,219,14,3923,746,67,1,6,6,6126,33,11,0
0,0,1,1,1,12955,6152,14,5,1,4,10588,164,13,7301,14621,55,5,4,5,10125,18,13,9784,3157,20,1,2,4,9378,200,14,10170,2398,27,0,3,11,8380,156,11,5061,1905,44,1,4,9,5828,14,11,1
1,1,0,0,0,8129,9166,13,2,4,3,8653,203,13,10484,23464,18,6,3,3,9025,13,12,12907,2029,21,3,2,4,7958,147,13,4506,2594,35,0,2,8,5363,14,10,11574,6921,19,3,1,5,8887,161,11,0
0,0,0,0,0,6523,0,13,4,5,0,7245,100,11,8638,5962,16,0,3,5,6906,21,11,8564,0,18,2,4,0,6090,113,11,14175,6450,12,3,4,0,8814,161,11,6601,1275,30,1,6,5,5445,37,9,0
1,1,1,1,0,17090,3313,15,4,1,7,9405,173,13,10294,28894,24,6,3,10,9547,22,13,12082,3203,22,2,1,8,7041,124,11,12780,0,49,6,2,11,7335,31,10,13347,2100,20,4,4,13,8763,134,11,1
0,1,1,1,1,19607,9555,23,7,9,6,11931,162,15,14290,21763,20,3,1,14,11377,15,16,14143,8837,17,6,6,4,12361,202,16,28583,19657,23,12,3,8,15151,213,15,12970,8894,73,1,3,17,8182,9,14,1
1,0,0,0,0,15009,13068,66,5,5,7,10471,34,14,15267,5553,25,8,6,4,12276,199,14,3176,1050,37,0,5,12,6422,19,12,12730,12794,23,3,5,8,9262,157,15,17605,7565,20,6,8,5,11820,187,14,0
0,1,1,1,0,8685,12693,34,5,6,1,12550,224,14,17386,21611,34,2,4,5,10599,49,14,16293,4754,25,3,3,3,10571,174,14,7889,7671,14,1,4,4,9157,183,13,5810,2230,68,0,2,8,6382,33,11,0
1,0,0,0,1,14782,13218,27,5,2,9,11351,25,15,13187,11730,31,4,2,6,11624,209,14,8625,4793,81,2,2,10,8261,43,13,11561,12016,21,1,2,11,10533,179,15,17188,8984,37,7,3,5,14169,237,17,1
0,1,1,1,0,10103,1801,18,4,4,10,8517,136,10,3239,887,25,1,5,11,4449,21,7,5321,424,9,1,1,4,6143,123,11,7269,871,7,10,0,4,8737,69,9,10391,31262,18,9,0,7,9195,18,11,1
1,0,0,0,0,6456,2127,14,4,5,1,5887,7,9,4217,1509,11,0,2,3,5814,152,11,4225,0,10,1,6,5,4693,79,8,5764,234,12,1,7,5,4017,23,7,7099,1110,7,3,5,1,5348,105,10,0
0,0,1,1,0,26631,6896,26,8,7,3,14323,212,16,15866,15470,48,2,8,7,10622,51,16,19900,759,22,3,6,10,11144,192,16,20255,4710,38,4,2,7,13548,254,15,4635,420,95,2,5,7,7465,40,13,0
1,1,0,0,1,20293,11480,30,4,7,11,13087,219,17,23380,40880,33,8,4,9,15404,58,18,27071,14595,32,11,3,10,16086,234,18,11521,16529,27,3,3,8,13553,256,16,6264,1124,76,2,2,8,8191,30,14,1
0,0,0,1,0,19135,143,17,6,8,6,12155,225,17,23984,17497,45,11,8,8,13183,49,16,16861,5115,25,6,10,2,11765,187,16,11891,0,19,1,6,13,10626,190,15,6807,238,88,2,6,8,7140,27,12,0
1,1,1,0,1,17591,31511,20,10,5,4,11956,29,16,9993,4714,76,5,7,12,9689,37,15,24361,20132,32,8,2,12,15875,282,17,23826,25399,15,6,6,10,15421,214,18,29543,22741,27,9,6,7,14617,210,18,1
0,1,1,1,1,2590,1210,13,1,0,6,3799,17,7,4576,6197,10,6,1,1,7912,112,8,2113,1217,7,1,0,3,4055,70,9,2937,13693,12,0,0,9,4602,11,8,8060,5328,3,5,0,1,6189,91,10,1
1,0,0,0,0,1321,0,2,0,2,1,3010,50,6,2777,1678,6,0,2,0,3780,80,9,1046,0,3,0,3,1,2384,11,5,1918,766,8,1,2,0,4010,0,6,2853,0,3,0,4,0,2970,54,7,0
0,1,0,0,0,2029,1844,18,2,6,1,4218,24,6,5612,1287,6,1,7,4,4614,8,8,5885,688,5,3,6,2,5775,90,9,3152,267,8,0,1,1,4220,97,9,6256,0,4,2,7,1,4072,59,8,0
1,0,1,1,0,12752,3592,6,9,3,2,7906,113,11,3762,2231,18,3,0,9,5039,17,8,9915,11202,15,5,3,10,7198,19,10,5339,4474,10,2,0,8,7741,127,9,7819,2101,8,8,2,3,6719,81,9,1
0,0,0,1,0,22204,14966,20,14,2,3,17578,259,17,8872,22910,31,0,6,12,9092,32,14,28633,577,17,9,9,8,12230,147,14,6534,178,90,2,10,16,7833,45,13,13399,1424,15,0,11,9,8442,185,13,0
1,1,1,0,1,11254,2790,15,5,5,12,11348,185,16,22061,30535,22,7,10,13,12437,37,15,26240,3587,40,10,2,12,12588,179,16,28373,12276,19,11,5,17,15956,214,16,22999,8461,93,5,3,18,10456,33,13,1
0,1,1,1,1,19280,13105,23,6,2,11,12150,166,15,9701,29847,51,5,5,12,9739,16,13,22381,12772,21,13,4,4,13121,179,16,7418,3512,54,1,3,15,7254,26,11,13544,16492,29,10,0,6,12593,165,14,1
1,0,0,0,0,14756,3208,34,3,7,4,8496,137,13,9966,7160,21,3,6,6,8747,29,12,13711,1585,24,4,7,4,8937,175,12,10194,2642,21,3,6,4,8329,160,13,6324,792,43,1,9,5,5431,27,9,0
0,0,1,1,1,9827,18710,9,6,4,4,12248,181,14,9513,33240,25,5,2,6,9864,17,13,9107,3299,54,8,4,16,8989,29,13,22355,8766,15,9,4,13,11694,160,14,12335,13830,18,2,4,6,9284,154,13,1
1,1,0,0,0,13298,1695,10,2,4,5,9017,193,14,10609,4061,23,6,4,5,9355,51,12,4608,100,23,0,4,9,5493,58,10,27988,3791,20,8,9,3,10461,192,13,7383,0,50,2,9,8,6367,27,10,0
0,1,1,1,1,20674,21331,29,2,2,8,11213,204,16,7303,42367,32,2,1,7,9690,18,15,8263,3977,19,4,1,4,11107,204,16,23189,14627,32,13,0,4,16022,253,15,3546,2115,52,1,2,12,7525,10,13,1
1,0,0,0,0,15688,2114,14,3,6,1,9223,194,14,7537,13156,19,2,4,1,9618,113,14,2122,278,25,0,3,3,5400,45,11,8943,1999,18,0,6,2,7506,189,12,4808,0,52,0,3,2,5009,24,10,0
0,0,1,1,1,34516,8042,25,12,3,11,16358,247,18,19583,37202,23,9,6,10,15035,40,17,25239,15751,33,9,4,12,15728,209,18,8671,2564,89,0,6,18,9011,32,15,33471,31643,48,6,4,10,16329,279,17,1
1,1,0,0,0,8875,1686,23,1,8,9,9465,162,16,29057,20959,34,14,9,5,16020,60,16,22023,1652,32,3,8,8,11488,207,15,14071,2265,30,2,6,6,11707,229,15,6694,532,81,3,5,11,8282,36,14,0
0,0,1,1,1,21001,27816,25,13,7,8,14557,36,16,9247,6371,79,1,6,14,9130,22,14,19112,16526,52,8,2,9,14489,211,14,17013,3113,28,7,5,10,12816,206,16,13127,20438,46,5,7,1,15194,263,18,1
1,1,0,0,0,15274,1382,31,4,5,12,10303,145,17,11968,7650,29,3,8,9,9889,21,15,27600,21331,14,10,6,3,15951,289,18,22264,10266,35,7,6,5,15063,249,17,14930,448,81,3,9,13,9431,31,13,0
0,1,1,1,0,5647,119,11,1,0,3,5235,109,10,5720,580,7,2,0,5,6086,127,10,5036,4371,6,4,0,0,7024,119,11,3121,386,24,2,1,3,3972,22,8,4552,9745,13,4,2,4,6519,5,10,1
1,0,0,0,0,5574,386,7,1,2,1,4797,114,9,1383,4558,10,1,0,0,4029,1,7,5220,0,4,1,3,1,4957,102,10,2050,693,9,0,3,2,3041,5,7,5184,1559,5,0,5,1,4451,109,10,0
0,1,1,1,0,25889,37322,28,9,6,8,13828,29,16,23049,8210,33,5,6,12,13455,208,15,10010,2269,75,2,4,8,7957,28,13,24499,17369,30,2,7,9,10653,180,15,26133,4591,43,4,2,11,12130,196,16,0
1,0,0,0,0,31393,10741,32,3,5,14,13321,266,17,33462,20288,46,14,3,6,16343,34,17,20321,134,23,5,8,9,11626,209,16,4250,5397,65,0,2,17,7297,45,13,12026,6596,51,3,5,15,9660,92,14,1
0,1,0,0,0,13665,3319,30,9,7,12,15129,183,16,29562,7193,33,10,5,9,15573,267,18,28301,3947,33,7,10,14,12654,171,15,34018,14168,52,13,6,12,16235,83,18,13160,482,87,2,9,19,8863,32,14,0
1,0,1,1,1,29379,25721,69,7,10,9,16694,252,18,7668,41607,31,1,7,10,11551,49,16,31892,21207,24,9,5,10,16279,252,18,23959,4237,87,8,7,18,12814,69,16,28142,5193,28,11,12,10,14462,186,16,1
0,1,1,1,1,10531,6772,15,3,3,5,8817,117,11,9961,2806,14,3,1,3,7252,110,12,23216,34175,12,16,2,6,12390,25,13,7293,5314,17,0,1,9,8314,163,11,4609,2943,30,0,3,13,6079,4,9,1
1,0,0,0,0,7494,2028,22,5,5,2,8277,32,10,3550,1881,8,1,4,2,5555,109,11,4372,0,32,1,6,5,4448,25,9,4827,1261,13,0,3,6,6079,120,10,6373,0,10,3,4,3,6515,109,11,0
0,0,0,0,0,4431,418,10,3,6,4,5633,75,11,9382,4604,13,7,8,4,9028,25,11,4263,0,42,0,4,9,4708,29,9,10116,573,17,2,4,6,6285,109,10,6648,206,11,3,7,4,6355,98,11,0
1,1,1,1,0,17453,6055,14,7,5,7,11341,155,13,12214,25554,20,6,0,13,10154,23,13,17550,5223,15,8,5,8,10616,148,12,10165,6349,14,7,3,4,9668,155,12,4310,2047,22,1,2,5,5051,25,9,1
0,0,0,0,0,5026,1403,11,1,5,3,7919,173,13,14940,12058,23,1,5,10,9488,40,13,10565,166,13,2,10,3,8424,183,13,9047,1746,49,2,7,16,7760,28,12,23974,3209,18,12,4,5,14841,245,14,0
1,1,1,1,1,26307,19367,37,11,3,5,16712,234,16,12662,44200,14,5,3,18,12415,41,16,16584,10398,18,10,2,6,13570,175,16,13829,24550,32,3,2,11,12267,184,15,4711,799,69,2,8,7,7151,31,10,1
0,0,1,1,1,9840,10473,18,3,1,4,11611,213,16,11410,53311,45,6,2,9,12400,33,16,15299,6061,29,6,4,7,12823,222,16,7152,1432,84,2,3,12,8511,43,13,25809,15799,32,6,3,7,14079,270,16,1
1,1,0,0,0,9047,4058,15,1,5,2,10022,245,15,15310,5616,43,2,3,7,10939,45,15,12530,3739,21,5,4,2,13798,282,16,6121,157,127,3,6,5,8061,66,11,5720,2611,16,2,5,3,10081,218,14,0
0,0,0,1,0,25514,39036,21,9,3,15,14595,29,17,13795,5018,25,1,11,11,10441,167,14,6580,2763,58,1,9,22,8480,40,14,21177,16346,25,11,3,13,15844,232,17,33687,21022,24,16,5,9,17428,210,17,1
1,1,1,0,1,9253,2114,16,3,8,9,10223,143,14,23714,21450,35,13,7,5,17914,235,15,17710,10635,24,6,9,9,11343,40,14,22276,3071,26,4,7,8,11798,198,15,12921,7537,128,5,7,13,9259,38,13,0
0,1,0,0,0,11141,3337,21,6,5,1,9280,143,12,11212,19979,19,0,5,10,8732,48,13,15361,1741,22,10,4,3,10520,145,13,9849,3784,18,1,6,7,7627,149,11,5203,3151,54,0,3,12,5358,25,9,0
1,0,1,1,0,14575,4817,12,6,4,8,10619,157,14,17305,27607,27,9,2,12,13053,26,15,10319,6902,20,5,6,6,9707,156,13,5535,16646,22,2,2,4,10667,199,13,5172,2803,44,1,3,10,6778,23,11,1
0,0,0,1,0,12643,4416,18,3,6,5,9067,164,14,8474,33037,23,4,7,4,9366,43,13,6096,405,59,0,5,9,5987,31,11,19112,8122,24,5,4,5,10746,215,13,21706,497,16,6,14,4,9776,153,13,0
1,1,1,0,1,27598,3868,25,16,1,9,14356,194,16,19931,15625,33,8,4,17,12884,50,16,12788,19063,21,5,5,11,13612,206,16,14538,9055,13,4,3,16,10762,174,15,7326,348,92,3,5,15,8301,49,12,1
0,1,1,1,0,9935,10583,18,0,3,3,7471,167,13,4875,14975,15,4,4,1,8507,27,11,13117,2496,15,3,7,3,8449,171,13,9726,562,46,0,6,4,5556,17,9,11381,2960,23,2,3,3,8859,157,11,0
1,0,0,0,0,15570,5050,18,3,3,5,11091,211,15,12306,22809,38,9,2,9,9909,16,13,12265,9570,17,6,2,7,10116,149,14,10727,17126,13,5,1,8,9624,166,13,3683,2002,48,0,1,13,6146,33,12,1
0,1,1,1,1,14560,24813,23,4,4,14,10237,17,14,8806,3215,28,5,6,10,7359,42,11,18222,4649,16,6,5,8,10642,172,15,20659,7473,17,12,2,3,13350,188,15,17403,8969,14,8,4,13,11077,154,13,1
1,0,0,0,0,10469,706,10,4,5,1,8029,135,12,14633,17587,26,7,6,7,9207,14,12,15657,1928,17,4,9,5,8355,142,13,15639,3092,8,5,4,5,9052,144,12,5857,111,37,1,11,13,5788,28,10,0
0,1,0,0,0,21567,1762,26,6,15,9,10743,151,13,13342,17915,45,5,8,9,9953,25,13,20899,8091,25,9,7,10,10519,128,13,8298,3459,67,2,6,10,7432,21,12,17022,12636,32,7,6,7,13312,201,15,0
1,0,1,1,1,15096,12015,25,4,5,18,11838,153,15,23755,27898,31,15,5,11,15090,40,16,35241,12901,33,13,4,12,14365,164,15,7277,2227,75,3,7,20,8783,12,13,22825,5702,25,7,8,11,10766,131,14,1
0,1,1,1,0,13553,5251,15,4,4,10,10814,176,15,14767,21842,18,9,7,5,11052,14,14,24965,13247,26,9,6,7,14778,185,15,19649,7765,38,7,9,10,10548,154,13,13123,1861,80,3,10,16,8103,44,13,0
1,0,0,0,1,16798,2932,26,1,7,14,9718,179,16,22978,15871,24,13,5,14,15431,89,16,18816,509,13,16,6,11,17928,112,14,12740,7843,37,2,7,18,10027,121,13,7589,2988,50,3,7,19,8430,22,13,1
0,0,0,0,0,5769,56,20,0,5,4,6388,141,12,8033,7205,26,4,1,1,8208,8,12,8970,3291,13,1,2,3,7604,172,12,7273,2480,12,0,1,3,7652,192,12,3652,3515,38,2,4,2,5161,35,9,0
1,1,1,1,0,11494,1628,17,5,1,5,9277,165,13,2413,400,45,0,2,6,4904,24,10,8730,4391,23,4,1,1,8476,178,11,7701,36839,13,3,1,7,8110,7,12,11882,7215,17,1,2,6,9248,169,13,1
0,1,1,1,1,2771,2034,15,0,0,7,4636,7,7,3075,3089,9,2,0,3,5601,98,10,5466,5733,4,4,0,1,7334,129,8,3990,17110,8,5,0,3,6371,14,9,2841,4346,11,0,0,3,5913,107,10,1
1,0,0,0,0,2220,0,3,0,2,0,3528,82,9,993,0,9,0,2,0,2456,16,5,2161,187,3,0,1,0,3214,69,8,496,855,10,0,3,0,3341,1,6,2837,0,3,0,3,0,2987,50,5,0
0,1,1,1,0,5527,1008,23,4,1,5,5833,92,10,7709,889,12,4,1,4,6497,119,11,3921,17968,7,3,0,3,6921,21,11,5645,2246,26,3,1,4,5248,32,9,5375,7176,8,4,1,2,7858,149,10,1
1,0,0,0,0,4100,2622,12,1,2,0,5349,138,9,3624,3046,5,1,5,1,5539,9,10,7870,27,8,1,5,1,4993,111,10,2106,0,18,0,3,1,3167,20,7,4591,0,8,1,3,1,5269,113,10,0
0,1,1,1,1,3395,5073,6,2,3,1,5944,86,8,9372,5283,6,5,0,3,7069,127,10,3002,1752,6,0,2,5,3848,17,7,9204,4397,6,8,0,1,7888,104,10,5227,13254,14,2,0,5,6296,28,10,1
1,0,0,0,0,1565,2918,12,0,2,0,3617,7,8,2726,320,8,0,5,0,3556,69,7,6492,494,6,3,3,1,4652,78,7,4033,0,10,2,5,0,4249,69,8,4719,224,12,0,2,5,3676,7,7,0
0,1,1,1,1,5632,15623,13,5,0,3,7240,34,9,4978,2577,9,2,0,2,5753,88,10,6846,3343,6,5,1,3,6582,108,10,4527,2393,17,1,1,10,4985,18,8,6387,1330,8,5,1,3,5952,93,8,1
1,0,0,0,0,3882,1529,6,0,2,0,3327,68,9,3456,644,14,1,5,0,2990,19,6,3937,627,3,2,5,0,4860,86,8,2838,3671,5,0,4,3,3769,14,8,2886,370,1,0,2,0,3929,90,7,0
0,1,0,1,0,2564,1157,18,0,3,1,3182,6,7,6853,0,10,1,4,1,4918,103,10,5005,11560,13,3,3,1,6091,22,11,2333,1429,16,1,1,1,5118,85,10,3340,0,4,0,1,0,4399,103,8,0
1,0,1,0,0,9124,2827,6,3,2,1,6947,132,12,11945,3492,6,5,1,2,8122,146,12,3788,16667,16,2,0,3,5595,3,9,5390,5130,10,1,1,2,6565,132,10,5972,3575,34,1,1,6,4665,4,8,1
0,1,0,0,1,16985,14269,23,3,1,7,11980,219,16,16693,18726,53,11,2,8,13259,43,16,14834,3519,21,5,2,12,12617,216,16,6363,3615,68,1,4,19,8315,39,14,28621,17522,31,13,1,8,17124,274,16,1
1,0,1,1,0,16742,2987,34,2,6,5,11369,221,15,9087,20608,26,3,7,3,10749,41,14,8716,6924,27,2,8,3,11093,245,16,3678,1017,63,1,6,7,7071,27,12,10345,858,22,2,6,6,10691,240,14,0
0,1,1,1,1,18487,6334,12,8,7,1,11783,160,14,17721,54249,21,10,3,8,12668,29,15,14341,2117,20,8,5,3,10104,143,14,11077,12036,15,5,1,5,10411,158,13,4676,3383,50,1,7,13,7368,32,12,1
1,0,0,0,0,11672,2020,11,5,9,1,8569,151,13,22320,6997,19,12,7,2,11857,37,13,12193,5156,11,2,5,6,8087,161,13,10315,5764,17,3,7,5,8098,161,12,4016,106,52,1,4,12,6145,33,11,0
0,1,1,1,1,9882,17665,17,10,2,7,9624,22,12,16309,6196,11,6,1,4,9315,131,12,3127,3965,8,0,2,4,6660,133,12,9527,1509,38,3,3,14,6845,32,10,18345,11431,18,9,2,8,11411,165,12,1
1,0,0,0,0,23340,435,9,4,3,2,7178,134,12,7083,0,12,1,6,2,5468,103,10,5792,7162,10,2,6,2,6000,17,9,4359,60,22,1,6,4,4636,24,8,9251,3235,21,2,7,1,6241,84,10,0
0,0,0,0,1,11721,30280,26,5,2,7,12281,42,15,24897,17203,29,6,2,8,12442,218,14,9526,4279,53,4,3,16,8895,8,13,15923,7224,15,3,3,7,11114,177,15,30119,7935,27,11,4,9,14438,201,16,1
1,1,1,1,0,8896,1190,54,1,4,9,7428,21,13,11100,994,11,4,11,2,8883,144,13,9914,14707,27,4,4,4,9193,32,13,16908,2798,17,1,5,10,10062,199,14,14780,6556,25,4,5,2,12261,230,15,0
0,0,0,0,0,4431,562,5,1,7,1,4473,73,9,3265,605,7,0,5,1,4718,110,10,2813,203,8,0,3,2,4256,90,8,1562,111,7,1,3,0,3404,9,8,4254,2873,15,2,3,0,5450,3,9,0
1,1,1,1,0,3287,741,17,4,0,4,5719,23,8,2920,12872,14,2,1,8,6461,8,10,8980,2387,9,9,1,3,8698,116,11,6187,2576,8,3,1,5,6590,106,10,5014,7951,11,3,1,3,7254,110,10,1
0,0,0,0,0,14575,2306,22,3,10,4,8688,139,14,15315,10061,27,7,10,7,11227,24,13,24223,3606,38,7,4,7,12547,221,15,13893,1523,72,3,6,17,8092,13,12,22436,5552,31,6,7,11,12696,213,14,0
1,1,1,0,1,28052,31450,21,12,2,8,16504,201,17,16647,9896,27,9,3,14,11848,10,15,6873,2988,17,5,6,8,10932,172,15,17420,24228,25,10,6,8,12714,170,15,10975,2600,97,1,9,21,8340,36,14,1
0,1,0,0,0,17937,7053,14,3,3,6,9485,165,14,17520,11034,31,3,6,8,9735,30,14,11930,2126,80,7,5,3,8052,50,11,15030,1457,25,3,5,7,8614,144,13,11342,2845,19,2,7,5,8974,189,13,0
1,0,1,1,0,24415,4708,16,7,4,7,12509,218,16,7321,35352,58,2,2,9,9863,16,14,9597,1490,10,6,6,5,11266,142,14,5828,1404,51,0,4,10,6404,32,12,25645,8514,38,10,2,6,13495,226,15,1
0,1,0,1,0,24858,16092,17,11,5,11,12485,153,16,21049,26248,24,12,5,12,13205,47,15,8436,727,76,2,3,17,7893,33,13,20826,7112,21,6,4,15,11112,172,15,13322,15614,22,6,5,11,12078,215,14,1
1,0,1,0,0,18488,2884,12,7,9,2,11183,162,14,13501,11578,18,3,8,3,8756,15,13,25310,3746,10,10,8,4,13509,180,14,7318,901,22,1,5,12,9062,164,13,9455,727,57,1,7,10,6237,32,11,0
0,0,1,1,1,7281,37083,22,7,1,6,9566,21,13,12962,3577,14,3,7,12,8468,127,12,6279,3309,53,3,2,16,7405,30,11,20548,5623,21,11,1,5,11241,180,14,17522,9517,18,7,1,6,10456,148,14,1
1,1,0,0,0,8108,0,8,0,4,1,5567,130,11,11460,873,5,9,6,1,9346,17,12,4568,0,11,0,8,2,6553,164,12,3881,0,30,1,7,5,4665,25,9,7823,509,11,2,6,6,8110,136,11,0
0,1,1,1,1,28006,9581,38,5,3,22,15181,233,18,25871,49124,57,14,6,13,16825,47,17,28735,3679,32,13,12,10,14369,160,16,25636,19526,26,12,2,13,15158,229,17,5016,1535,78,1,11,20,7828,11,14,1
1,0,0,0,0,46993,15137,20,16,9,11,17532,111,18,21535,3975,38,5,9,15,13063,214,15,10014,2678,74,4,10,12,8917,29,13,11465,475,36,8,7,4,12293,166,14,11541,1371,24,1,10,5,9688,177,14,0
0,0,0,1,0,19408,2030,10,7,7,2,9383,137,13,8809,11564,15,2,9,5,7776,19,11,6522,114,22,2,5,3,7147,131,12,5578,373,54,1,5,3,4980,41,10,7967,450,7,2,6,2,7169,136,10,0
1,1,1,0,0,12314,28363,28,8,1,12,12619,55,14,17146,3516,12,4,5,7,8798,155,13,12275,853,19,15,3,4,14306,114,12,8604,6413,18,4,1,5,9926,164,12,5560,1147,34,1,4,16,6941,21,10,1
0,0,1,1,0,8423,12270,11,7,1,6,7469,19,10,6785,4577,16,6,0,2,8294,101,11,5035,645,14,4,3,3,6179,86,9,9358,1366,17,5,2,4,6560,95,10,7563,6100,22,3,3,7,5546,14,8,1
1,1,0,0,0,4280,155,13,3,4,3,5607,25,10,7178,0,19,1,6,0,4539,85,8,6478,302,10,2,6,1,4817,80,9,2446,500,17,0,5,5,3739,20,7,3930,920,10,3,4,3,5549,93,8,0
0,0,0,0,0,8461,1751,18,4,4,1,9796,203,14,17059,12813,26,6,6,7,9708,29,13,14517,1451,16,5,5,5,9933,171,14,11957,1873,47,3,6,11,7584,38,11,17495,2201,38,4,6,8,10608,194,13,0
1,1,1,1,1,16992,6665,19,3,3,8,10807,195,15,14435,36608,43,4,4,14,11995,34,15,34556,14362,30,15,5,6,16570,198,16,11432,2803,75,1,4,19,7668,11,12,10224,14546,25,4,6,10,10553,183,14,1
0,1,1,0,1,25105,18850,18,13,3,7,14436,139,15,15845,16012,26,5,6,11,10919,43,15,18261,14664,14,7,2,9,12057,190,14,12958,9706,26,3,3,10,9236,146,15,8007,4486,52,0,2,22,7783,18,13,1
1,0,0,1,0,9556,795,13,2,6,9,7560,107,13,15312,24237,22,4,7,6,10006,34,14,19420,3274,14,6,7,4,10712,192,13,6452,787,51,0,5,9,5503,20,11,17260,2297,11,4,4,3,9273,188,13,0
0,0,0,1,0,6758,0,9,2,5,2,5352,96,10,5442,0,9,0,7,1,4319,84,9,2851,0,35,0,3,0,3525,31,8,6650,14343,11,3,3,1,6212,19,10,6470,131,8,1,3,0,5653,136,9,0
1,1,1,0,0,14091,1824,16,8,2,4,8815,141,13,8257,630,16,6,2,1,6575,131,12,6385,1728,10,2,1,4,7334,171,10,4421,1886,17,3,0,3,5247,23,9,4800,6216,15,2,1,5,6503,8,11,1
0,0,0,0,0,10086,2205,7,3,8,2,7158,114,12,7912,1618,19,1,4,8,7077,23,11,9396,703,15,4,6,4,8015,137,12,8970,113,39,2,11,5,5358,22,9,10997,338,12,6,9,2,8892,124,10,0
1,1,1,1,0,14654,16852,21,9,2,10,10271,16,14,15482,4559,7,13,3,10,13017,158,13,7445,16423,61,4,7,14,7589,37,10,12128,3905,19,4,3,7,8302,147,13,15712,97,17,8,1,10,10210,151,14,1
0,1,0,0,0,7732,5917,12,2,5,4,5723,2,9,4385,1139,8,0,5,1,5660,118,11,5242,3994,6,1,4,2,6137,113,11,9273,88,32,5,8,7,5975,19,7,10153,779,13,6,5,4,8556,129,11,0
1,0,1,1,1,7811,31340,16,3,3,7,8210,17,12,14290,2738,22,5,2,9,8772,140,12,12460,4595,19,6,0,4,9753,164,12,15079,3774,20,11,3,4,10491,128,11,7572,610,42,2,6,16,6082,27,10,1
0,1,1,1,1,26265,32073,23,14,5,11,14268,39,14,12331,18084,12,2,5,7,8758,114,13,9353,16642,30,4,2,9,10724,203,13,16507,3396,21,10,6,5,10414,122,13,3669,1424,30,1,4,20,6585,19,11,1
1,0,0,0,0,16060,512,27,10,7,7,10701,11,12,4282,0,13,1,6,2,6547,132,11,10481,1803,20,4,6,7,9145,173,13,9066,2454,46,2,8,9,5875,36,9,14844,4096,12,5,4,8,8899,120,13,0
0,1,1,1,1,14940,3335,7,5,7,10,8777,101,13,16254,13034,21,9,3,8,11376,62,14,16670,8921,16,2,1,12,8784,141,13,17019,3471,34,12,2,12,11172,47,13,16702,11381,21,10,5,13,11902,147,13,1
1,0,0,0,0,15971,0,8,4,10,4,7182,123,12,7642,3866,27,3,7,6,7011,19,11,8158,0,12,3,6,3,7091,127,12,13753,743,7,5,6,3,8972,122,11,7335,496,27,3,9,6,6580,27,11,0
0,0,1,1,0,17022,6732,32,5,7,3,11573,190,14,15874,20977,33,5,6,2,11099,28,14,12346,229,13,1,5,3,8919,192,14,13334,1122,60,2,6,6,7846,25,13,11603,3525,12,3,5,2,9545,168,13,0
1,1,0,0,1,18432,3909,11,3,4,9,10365,175,16,29726,42752,22,12,4,12,14865,46,17,15034,3514,24,4,2,8,11298,217,16,6999,2343,61,2,3,10,7958,43,12,21661,21901,37,8,3,10,13310,189,15,1
0,1,1,1,1,2206,3403,2,1,0,0,4688,93,9,3536,2191,5,3,0,2,5434,95,8,1860,2506,6,1,0,6,4106,15,7,3718,1766,5,0,0,1,3968,72,9,2289,18999,9,4,0,1,6280,23,9,1
1,0,0,0,0,1020,866,4,0,2,0,3327,74,6,1353,316,8,0,2,0,2380,11,6,2739,131,2,0,1,0,3700,80,8,2666,0,7,0,1,0,2754,53,7,1093,713,14,0,3,0,3597,9,7,0
0,0,0,0,0,1947,0,8,0,3,1,3135,22,7,3740,0,12,0,5,1,3755,52,8,1018,2508,7,1,3,0,4384,0,7,4162,0,5,0,3,0,4178,98,10,2253,0,3,0,3,0,3813,84,9,0
1,1,1,1,0,4114,1333,20,3,1,3,4956,29,8,7506,4435,7,9,0,0,8829,118,12,7837,1143,16,0,0,6,6125,107,10,6308,3952,6,3,0,4,8056,131,10,4413,20360,16,2,0,6,6764,17,11,1
0,0,0,0,0,8281,804,11,1,8,2,5963,117,11,7099,5578,30,2,5,1,6449,16,10,7543,3204,10,1,6,3,7316,163,11,10563,1078,21,5,3,1,8721,157,13,4111,2055,33,2,1,4,5314,37,10,0
1,1,1,1,0,11618,14572,32,10,3,2,9924,40,12,12784,9126,20,4,0,8,8740,163,13,3460,746,16,0,4,9,4915,19,10,11512,4570,11,2,3,4,8349,154,12,13712,7501,19,7,1,1,10429,163,14,1
0,1,0,0,0,3699,0,11,1,3,0,4720,103,10,6455,0,6,3,8,2,5742,84,9,7358,3289,9,4,2,3,6720,128,9,2818,1012,24,1,3,4,3869,16,8,5358,3915,17,2,3,4,5172,9,9,0
1,0,1,0,0,3829,3890,16,3,1,3,6042,12,10,4535,0,12,1,1,8,4076,23,8,7519,888,9,2,0,5,6345,130,12,2285,0,12,1,6,0,4486,86,8,13141,1561,8,12,3,2,9225,134,12,1
0,0,1,1,0,18640,8219,24,6,8,8,12101,199,15,17173,15057,21,7,7,9,11355,44,14,14304,4452,28,3,5,2,10446,177,15,21905,3600,36,5,9,8,10195,151,13,15989,610,72,8,8,10,10413,40,13,0
1,1,0,0,1,22601,6436,27,6,8,9,11120,135,15,23754,28863,23,12,5,14,13815,47,16,20997,10434,38,6,4,11,13078,212,16,14891,6671,17,6,7,10,11895,182,15,8009,938,77,7,5,12,10907,39,13,1
0,1,1,0,1,24972,19817,55,7,8,9,16134,80,18,26950,23249,64,4,6,14,18255,307,18,29733,24652,59,8,2,13,19607,325,18,12479,2328,89,4,3,14,11163,33,16,18946,17832,52,5,10,6,14903,218,18,1
1,0,0,1,0,27193,6406,27,4,1,15,14702,250,18,22265,28558,39,12,9,6,15305,38,17,14889,5929,126,2,7,14,9801,63,14,19487,3090,34,6,5,4,15011,281,18,24215,10926,55,5,6,15,15904,251,17,0
0,0,0,0,1,12711,3585,20,2,4,12,9712,166,16,33314,7178,20,14,3,4,15041,222,16,23050,25009,23,10,2,10,13616,46,16,12407,15609,37,4,1,9,12894,232,15,8884,2583,59,0,4,21,7922,14,13,1
1,1,1,1,0,11071,24111,33,2,6,4,9978,22,14,8847,695,23,2,8,1,8890,149,13,6151,1071,43,0,7,7,5958,9,13,15941,429,21,3,2,1,11483,249,15,16556,8883,16,6,7,4,14089,217,16,0
0,1,0,0,0,7839,826,14,2,6,2,6881,138,12,8008,1980,21,4,7,2,7283,5,11,5982,6878,12,1,2,2,7696,179,12,3595,1755,29,1,3,5,5325,28,11,10585,2707,15,4,3,4,8865,189,13,0
1,0,1,1,0,16790,3841,14,7,4,3,9989,146,14,6889,22409,28,5,3,4,9524,33,13,8733,11463,11,5,4,2,9029,160,13,2977,2974,50,1,1,6,5772,24,10,4203,9874,25,3,0,2,9156,187,13,1
0,1,0,0,0,14852,1953,10,6,7,4,9859,144,14,21555,6617,21,7,7,6,10603,25,14,12580,195,29,3,8,2,8734,156,13,12229,3909,20,2,6,6,8738,177,11,5258,0,44,0,6,10,5575,30,11,0
1,0,1,1,1,12752,26718,36,8,5,14,11752,31,15,6019,2119,36,4,1,13,7141,28,12,12417,5962,24,2,3,11,9488,166,13,14247,5469,24,7,4,8,10133,144,14,27207,5546,17,13,5,6,14489,200,15,1
0,1,1,1,1,32382,6891,27,10,8,12,15356,203,16,24890,24657,18,7,7,15,11998,61,16,24065,15886,13,6,5,12,12917,141,16,42176,41840,41,19,5,10,17852,216,17,9415,4242,76,2,7,27,9904,33,15,1
1,0,0,0,0,20978,6655,18,2,11,11,10135,178,15,35847,5805,24,16,6,6,16801,91,17,20444,7382,27,4,9,11,10670,192,15,26706,3925,15,10,9,9,12278,181,15,7956,1103,75,0,9,23,7685,11,13,0
0,0,1,1,0,9712,2539,19,6,1,4,7371,107,12,4401,1755,27,1,1,7,6590,140,9,7248,601,11,2,2,8,7861,145,12,2322,975,16,2,1,3,4473,25,8,10338,14800,14,8,2,4,8306,9,11,1
1,1,0,0,0,6185,1136,13,0,4,1,4970,118,9,3587,35,24,2,5,2,4314,22,8,4361,2847,19,1,1,2,6887,155,12,6748,7765,21,3,3,1,6379,7,10,6300,2081,12,1,6,0,4904,104,10,0
0,1,1,1,1,11813,5714,14,3,3,10,9150,103,14,14853,40386,43,8,2,12,13023,48,15,19180,9580,32,8,3,4,11679,172,14,7017,4295,63,2,2,22,8548,26,13,20836,10659,25,12,4,9,14231,208,15,1
1,0,0,0,0,17273,4610,18,2,4,5,11214,246,15,22963,14059,18,4,10,5,10182,21,13,10996,2490,15,3,5,5,8755,147,13,12383,2516,33,3,6,5,9279,151,12,3471,709,30,2,8,5,5770,14,10,0
